node_id,neighbor_id,distance,neighbor_role,neighbor_hop_count,arrival_time
0,1,79.327092,CLUSTER_HEAD,8,440.1060380943088
0,10,87.557906,REGISTERED,9,440.1074480713093
0,2,94.913406,CLUSTER_HEAD,7,280.10479282827254
0,12,97.735512,CLUSTER_HEAD,7,280.104893194324
0,11,95.337294,REGISTERED,8,279.1060669365189
0,21,97.778176,CLUSTER_HEAD,8,300.10625134348294
0,20,76.907531,CLUSTER_HEAD,9,299.10772867187296
1,2,94.913406,CLUSTER_HEAD,7,440.10479282827254
1,12,97.735512,CLUSTER_HEAD,7,440.104893194324
1,11,95.337294,REGISTERED,8,440.1060669365189
1,3,81.450970,CLUSTER_HEAD,6,260.1036516829902
1,13,97.735512,CLUSTER_HEAD,6,260.10369437077
1,21,97.778176,REGISTERED,8,259.10625134348294
1,22,97.778176,REGISTERED,8,259.1062605686974
1,10,87.557906,REGISTERED,9,440.1074480713093
1,20,76.907531,CLUSTER_HEAD,9,299.10772867187296
2,3,81.450970,CLUSTER_HEAD,6,440.1036516829902
2,13,97.735512,CLUSTER_HEAD,6,440.10369437077
2,12,97.735512,CLUSTER_HEAD,7,440.104893194324
2,4,98.297057,CLUSTER_HEAD,5,240.10273041207242
2,14,80.426511,REGISTERED,5,240.10271221106672
2,23,94.083052,REGISTERED,7,239.10487428216766
2,11,95.337294,REGISTERED,8,440.1060669365189
2,21,97.778176,REGISTERED,8,259.10625134348294
2,22,97.778176,REGISTERED,8,259.1062605686974
2,10,87.557906,REGISTERED,9,279.1074480713093
3,4,98.297057,CLUSTER_HEAD,5,440.10273041207233
3,13,97.735512,CLUSTER_HEAD,6,440.10369437077
3,5,98.297057,CLUSTER_HEAD,4,220.1018583592145
3,14,80.426511,REGISTERED,5,219.10271221106672
3,23,94.083052,REGISTERED,7,239.10487428216766
3,12,97.735512,REGISTERED,7,239.104893194324
3,11,95.337294,REGISTERED,8,259.1060669365189
4,5,98.297057,CLUSTER_HEAD,4,440.1018583592144
4,14,80.426511,REGISTERED,5,440.10271221106666
4,6,88.961054,CLUSTER_HEAD,3,200.1012090040487
4,15,88.961054,CLUSTER_HEAD,4,199.10187512679087
4,13,97.735512,CLUSTER_HEAD,6,440.10369437077
4,23,94.083052,REGISTERED,7,239.10487428216766
4,12,97.735512,REGISTERED,7,239.104893194324
5,6,88.961054,CLUSTER_HEAD,3,440.10120900404866
5,15,88.961054,CLUSTER_HEAD,4,440.10187512679084
5,7,83.849200,CLUSTER_HEAD,2,180.10066859625718
5,16,97.293442,REGISTERED,4,200.10143904757507
5,25,95.420218,REGISTERED,5,199.10272373083495
5,14,80.426511,REGISTERED,5,199.10271221106672
5,13,97.735512,REGISTERED,6,219.10369437076997
6,7,83.849200,CLUSTER_HEAD,2,440.10066859625715
6,8,79.562276,CLUSTER_HEAD,1,160.10031824910345
6,15,88.961054,CLUSTER_HEAD,4,440.10187512679084
6,16,97.293442,CLUSTER_HEAD,4,440.101439047575
6,25,95.420218,REGISTERED,5,199.10272373083495
6,14,80.426511,REGISTERED,5,199.10271221106672
6,17,97.293442,CLUSTER_HEAD,2,215.10060828326087
6,27,98.743217,REGISTERED,3,214.10198368853622
6,26,98.426640,REGISTERED,5,214.10224785601994
7,8,90.767664,CLUSTER_HEAD,1,440.10032945449143
7,9,79.562276,ROOT,0,142.10007956227588
7,15,88.961054,REGISTERED,4,179.10187512679087
7,17,97.293442,CLUSTER_HEAD,2,440.1006082832608
7,18,87.832571,REGISTERED,1,201.10035133028566
7,16,97.293442,CLUSTER_HEAD,4,209.10143904757507
7,27,98.743217,CLUSTER_HEAD,3,225.1026003808222
8,9,87.832571,ROOT,0,440.10008783257143
8,18,87.832571,CLUSTER_HEAD,1,440.10035133028566
8,17,97.293442,CLUSTER_HEAD,2,440.1006082832608
8,28,98.979631,REGISTERED,2,219.10076687949334
8,19,98.979631,REGISTERED,1,219.10035489311986
8,16,97.293442,CLUSTER_HEAD,4,225.10143904757507
8,27,98.743217,CLUSTER_HEAD,3,225.1026003808222
9,18,87.832571,CLUSTER_HEAD,1,440.10035133028566
9,19,98.979631,REGISTERED,1,440.10035489311986
10,11,95.337294,REGISTERED,8,440.1060669365189
10,21,97.778176,CLUSTER_HEAD,8,440.10625134348294
10,20,76.907531,CLUSTER_HEAD,9,440.10772867187296
10,12,97.735512,CLUSTER_HEAD,7,280.104893194324
10,22,97.778176,CLUSTER_HEAD,8,279.1062605686974
10,30,91.414730,REGISTERED,10,299.10940570091526
11,12,97.735512,CLUSTER_HEAD,7,440.104893194324
11,21,97.778176,CLUSTER_HEAD,8,440.10625134348294
11,22,97.778176,CLUSTER_HEAD,8,440.1062605686974
11,13,97.735512,CLUSTER_HEAD,6,260.10369437077
11,20,76.907531,REGISTERED,9,279.10772867187296
11,23,94.083052,CLUSTER_HEAD,7,280.1048742821676
11,33,93.679431,CLUSTER_HEAD,8,280.1061275594673
11,32,99.005870,REGISTERED,9,279.10770998071115
11,31,93.084946,REGISTERED,9,279.1077392200842
12,13,97.735512,CLUSTER_HEAD,6,440.10369437077
12,14,80.426511,REGISTERED,5,240.10271221106672
12,23,94.083052,REGISTERED,7,239.10487428216766
12,21,97.778176,CLUSTER_HEAD,8,440.10625134348294
12,22,97.778176,CLUSTER_HEAD,8,440.1062605686974
12,20,76.907531,REGISTERED,9,279.10772867187296
12,33,93.679431,CLUSTER_HEAD,8,280.1061275594673
12,32,99.005870,REGISTERED,9,279.10770998071115
12,31,93.084946,REGISTERED,9,279.1077392200842
13,14,80.426511,REGISTERED,5,440.10271221106666
13,15,88.961054,CLUSTER_HEAD,4,220.10187512679087
13,23,94.083052,CLUSTER_HEAD,7,440.1048742821676
13,34,94.083052,CLUSTER_HEAD,7,259.1048790142205
13,33,93.679431,REGISTERED,8,259.1061275594673
13,24,61.784292,REGISTERED,8,259.10610658432734
13,22,97.778176,REGISTERED,8,259.1062605686974
13,21,97.778176,REGISTERED,8,259.10625134348294
14,15,88.961054,CLUSTER_HEAD,4,440.10187512679084
14,16,97.293442,REGISTERED,4,200.10143904757507
14,25,95.420218,REGISTERED,5,199.10272373083495
14,23,94.083052,REGISTERED,7,239.10487428216766
15,16,97.293442,CLUSTER_HEAD,4,440.101439047575
15,25,95.420218,CLUSTER_HEAD,5,440.1027237308349
15,17,97.293442,CLUSTER_HEAD,2,215.10060828326087
15,27,98.743217,REGISTERED,3,214.10198368853622
15,26,98.426640,REGISTERED,5,214.10224785601994
15,35,88.914537,REGISTERED,6,219.10370770738908
15,36,95.420218,REGISTERED,6,219.1037365457212
16,25,95.420218,CLUSTER_HEAD,5,440.1027237308349
16,17,97.293442,CLUSTER_HEAD,2,440.1006082832608
16,27,98.743217,CLUSTER_HEAD,3,440.10198368853617
16,26,98.426640,REGISTERED,5,440.10224785601986
16,35,88.914537,REGISTERED,6,219.10370770738908
16,36,95.420218,REGISTERED,6,219.1037365457212
16,18,87.832571,CLUSTER_HEAD,1,226.10035133028566
16,28,98.979631,CLUSTER_HEAD,2,235.10076687949334
16,37,98.426640,REGISTERED,4,234.1026833559666
17,18,87.832571,CLUSTER_HEAD,1,440.10035133028566
17,9,87.832571,ROOT,0,202.10008783257143
17,27,98.743217,CLUSTER_HEAD,3,440.10198368853617
17,25,95.420218,CLUSTER_HEAD,5,214.10272373083495
17,26,98.426640,REGISTERED,5,214.10224785601994
17,28,98.979631,REGISTERED,2,219.10076687949334
17,19,98.979631,REGISTERED,1,219.10035489311986
17,37,98.426640,REGISTERED,4,234.1026833559666
18,28,98.979631,CLUSTER_HEAD,2,440.10076687949334
18,19,98.979631,REGISTERED,1,440.10035489311986
18,27,98.743217,CLUSTER_HEAD,3,225.1026003808222
18,29,87.182257,REGISTERED,3,239.1013447853707
18,38,93.467515,REGISTERED,3,239.1013573558854
19,28,98.979631,CLUSTER_HEAD,2,440.10076687949334
19,27,98.743217,CLUSTER_HEAD,3,239.10198368853622
19,29,87.182257,REGISTERED,3,239.1013447853707
19,38,93.467515,REGISTERED,3,239.1013573558854
20,21,97.778176,CLUSTER_HEAD,8,440.10625134348294
20,22,97.778176,CLUSTER_HEAD,8,279.1062605686974
20,30,91.414730,CLUSTER_HEAD,10,440.10940570091526
20,40,91.794753,REGISTERED,11,319.11117518690804
21,22,97.778176,CLUSTER_HEAD,8,440.1062605686974
21,23,94.083052,CLUSTER_HEAD,7,280.1048742821676
21,33,93.679431,CLUSTER_HEAD,8,280.1061275594673
21,32,99.005870,REGISTERED,9,279.10770998071115
21,31,93.084946,REGISTERED,9,279.1077392200842
21,30,91.414730,REGISTERED,10,299.10940570091526
22,23,94.083052,CLUSTER_HEAD,7,440.1048742821676
22,33,93.679431,CLUSTER_HEAD,8,440.1061275594673
22,34,94.083052,CLUSTER_HEAD,7,259.1048790142205
22,24,61.784292,REGISTERED,8,259.10610658432734
22,32,99.005870,REGISTERED,9,440.10770998071115
22,31,93.084946,CLUSTER_HEAD,9,440.1077392200842
22,43,93.679431,REGISTERED,9,279.1076114143887
22,42,99.005870,REGISTERED,10,299.10937716551234
22,41,89.078662,REGISTERED,10,299.10934719592854
23,34,94.083052,CLUSTER_HEAD,7,440.1048790142205
23,33,93.679431,CLUSTER_HEAD,8,440.1061275594673
23,24,61.784292,REGISTERED,8,440.10610658432734
23,35,88.914537,CLUSTER_HEAD,6,260.10370770738905
23,44,83.037798,REGISTERED,8,259.10619117590534
23,43,93.679431,REGISTERED,9,279.1076114143887
23,32,99.005870,REGISTERED,9,279.10770998071115
23,31,93.084946,REGISTERED,9,279.1077392200842
24,34,94.083052,CLUSTER_HEAD,7,440.1048790142205
24,33,93.679431,CLUSTER_HEAD,8,440.1061275594673
24,35,88.914537,CLUSTER_HEAD,6,260.10370770738905
24,44,83.037798,REGISTERED,8,259.10619117590534
24,43,93.679431,REGISTERED,9,279.1076114143887
25,26,98.426640,REGISTERED,5,440.10224785601986
25,35,88.914537,CLUSTER_HEAD,6,440.10370770738905
25,36,95.420218,CLUSTER_HEAD,6,440.1037365457212
25,27,98.743217,REGISTERED,3,214.10198368853622
25,37,98.426640,REGISTERED,4,234.1026833559666
25,34,94.083052,REGISTERED,7,239.10487901422056
25,45,88.914537,REGISTERED,7,239.10487984569323
25,46,82.545901,REGISTERED,7,239.10493063950815
26,27,98.743217,CLUSTER_HEAD,3,440.10198368853617
26,36,95.420218,CLUSTER_HEAD,6,440.1037365457212
26,35,88.914537,REGISTERED,6,219.10370770738908
26,37,98.426640,REGISTERED,4,440.1026833559665
26,28,98.979631,CLUSTER_HEAD,2,235.10076687949334
26,46,82.545901,REGISTERED,7,239.10493063950815
26,38,93.467515,CLUSTER_HEAD,3,255.1013573558854
27,28,98.979631,CLUSTER_HEAD,2,440.10076687949334
27,37,98.426640,REGISTERED,4,440.1026833559665
27,36,95.420218,CLUSTER_HEAD,6,234.1037365457212
27,29,87.182257,REGISTERED,3,239.1013447853707
27,38,93.467515,REGISTERED,3,239.1013573558854
28,9,87.832571,ROOT,0,220.10008783257143
28,29,87.182257,CLUSTER_HEAD,3,440.10134478537066
28,38,93.467515,CLUSTER_HEAD,3,440.1013573558854
28,37,98.426640,REGISTERED,4,234.1026833559666
28,39,82.895993,REGISTERED,4,259.10194315255126
28,48,96.763538,REGISTERED,4,259.10208961900884
28,49,83.429221,REGISTERED,4,259.10208842204935
29,38,93.467515,REGISTERED,3,239.1013573558854
29,39,82.895993,REGISTERED,4,440.10194315255126
29,49,83.429221,REGISTERED,4,279.10208842204935
30,40,91.794753,CLUSTER_HEAD,11,440.11117518690804
30,41,89.078662,CLUSTER_HEAD,10,340.10934719592854
30,51,94.180312,REGISTERED,11,339.11111848672255
30,50,94.180312,REGISTERED,12,339.1131507492147
31,32,99.005870,REGISTERED,9,440.10770998071115
31,33,93.679431,CLUSTER_HEAD,8,280.1061275594673
31,41,89.078662,CLUSTER_HEAD,10,440.10934719592854
31,42,99.005870,REGISTERED,10,440.10937716551234
31,51,94.180312,REGISTERED,11,319.11111848672255
31,40,91.794753,REGISTERED,11,319.11117518690804
31,43,93.679431,CLUSTER_HEAD,9,320.1076114143887
31,52,92.037078,CLUSTER_HEAD,10,320.109255677143
32,33,93.679431,CLUSTER_HEAD,8,280.1061275594673
32,42,99.005870,REGISTERED,10,440.10937716551234
32,41,89.078662,REGISTERED,10,299.10934719592854
32,43,93.679431,CLUSTER_HEAD,9,320.1076114143887
32,52,92.037078,CLUSTER_HEAD,10,320.109255677143
32,51,94.180312,REGISTERED,11,319.11111848672255
33,34,94.083052,CLUSTER_HEAD,7,440.1048790142205
33,35,88.914537,CLUSTER_HEAD,6,260.10370770738905
33,44,83.037798,REGISTERED,8,259.10619117590534
33,43,93.679431,CLUSTER_HEAD,9,440.1076114143887
33,53,90.040448,CLUSTER_HEAD,9,299.10769284758896
33,52,92.037078,REGISTERED,10,299.109255677143
33,42,99.005870,REGISTERED,10,299.10937716551234
34,35,88.914537,CLUSTER_HEAD,6,440.10370770738905
34,36,95.420218,CLUSTER_HEAD,6,239.1037365457212
34,45,88.914537,REGISTERED,7,239.10487984569323
34,44,83.037798,REGISTERED,8,440.10619117590534
34,43,93.679431,REGISTERED,9,279.1076114143887
34,54,94.866993,CLUSTER_HEAD,8,279.1061964733138
35,36,95.420218,CLUSTER_HEAD,6,440.1037365457212
35,45,88.914537,CLUSTER_HEAD,7,440.1048798456932
35,37,98.426640,REGISTERED,4,240.1026833559666
35,46,82.545901,REGISTERED,7,239.10493063950815
35,44,83.037798,REGISTERED,8,259.10619117590534
35,55,82.545901,REGISTERED,8,259.1061673120926
35,54,94.866993,REGISTERED,8,259.1061964733138
36,37,98.426640,REGISTERED,4,440.1026833559665
36,46,82.545901,CLUSTER_HEAD,7,440.10493063950815
36,45,88.914537,REGISTERED,7,239.10487984569323
36,38,93.467515,CLUSTER_HEAD,3,255.1013573558854
36,55,82.545901,REGISTERED,8,259.1061673120926
36,56,92.495007,REGISTERED,8,259.10629732408654
37,38,93.467515,CLUSTER_HEAD,3,440.1013573558854
37,46,82.545901,REGISTERED,7,239.10493063950815
37,48,96.763538,REGISTERED,4,259.10208961900884
37,49,83.429221,REGISTERED,4,259.10208842204935
38,48,96.763538,CLUSTER_HEAD,4,440.10208961900884
38,49,83.429221,REGISTERED,4,440.10208842204935
38,47,87.037880,REGISTERED,5,279.1029098445872
38,58,98.150871,REGISTERED,5,279.1029340460414
38,57,96.763538,REGISTERED,5,279.1029589084503
38,39,82.895993,REGISTERED,4,280.10194315255126
39,49,83.429221,REGISTERED,4,440.10208842204935
39,48,96.763538,CLUSTER_HEAD,4,279.10208961900884
40,41,89.078662,CLUSTER_HEAD,10,440.10934719592854
40,51,94.180312,REGISTERED,11,440.11111848672255
40,42,99.005870,REGISTERED,10,319.10937716551234
40,50,94.180312,CLUSTER_HEAD,12,440.1131507492147
40,52,92.037078,CLUSTER_HEAD,10,340.109255677143
40,60,88.920126,REGISTERED,13,359.11520131473145
41,42,99.005870,REGISTERED,10,440.10937716551234
41,51,94.180312,REGISTERED,11,440.11111848672255
41,43,93.679431,CLUSTER_HEAD,9,320.1076114143887
41,52,92.037078,CLUSTER_HEAD,10,320.109255677143
41,50,94.180312,REGISTERED,12,339.1131507492147
42,43,93.679431,CLUSTER_HEAD,9,440.1076114143887
42,52,92.037078,CLUSTER_HEAD,10,440.109255677143
42,44,83.037798,REGISTERED,8,300.10619117590534
42,53,90.040448,CLUSTER_HEAD,9,299.10769284758896
42,51,94.180312,REGISTERED,11,440.11111848672255
42,62,92.037078,REGISTERED,11,319.11109245027933
42,50,94.180312,REGISTERED,12,339.1131507492147
43,44,83.037798,REGISTERED,8,440.10619117590534
43,53,90.040448,CLUSTER_HEAD,9,440.10769284758896
43,45,88.914537,CLUSTER_HEAD,7,280.1048798456932
43,54,94.866993,CLUSTER_HEAD,8,279.1061964733138
43,52,92.037078,CLUSTER_HEAD,10,440.109255677143
43,63,96.236091,REGISTERED,10,299.1093667238887
43,62,92.037078,REGISTERED,11,319.11109245027933
43,51,94.180312,REGISTERED,11,319.11111848672255
44,45,88.914537,CLUSTER_HEAD,7,440.1048798456932
44,54,94.866993,CLUSTER_HEAD,8,440.1061964733138
44,46,82.545901,CLUSTER_HEAD,7,259.10493063950815
44,55,82.545901,REGISTERED,8,259.1061673120926
44,65,96.645367,REGISTERED,9,279.10769489031225
44,53,90.040448,REGISTERED,9,279.10769284758896
44,64,96.236091,REGISTERED,9,279.107703869776
44,52,92.037078,REGISTERED,10,299.109255677143
45,46,82.545901,CLUSTER_HEAD,7,440.10493063950815
45,55,82.545901,REGISTERED,8,440.1061673120926
45,54,94.866993,CLUSTER_HEAD,8,440.1061964733138
45,56,92.495007,REGISTERED,8,259.10629732408654
45,65,96.645367,REGISTERED,9,279.10769489031225
45,53,90.040448,REGISTERED,9,279.10769284758896
45,64,96.236091,REGISTERED,9,279.107703869776
46,55,82.545901,REGISTERED,8,440.1061673120926
46,56,92.495007,CLUSTER_HEAD,8,440.10629732408654
46,54,94.866993,REGISTERED,8,259.1061964733138
46,65,96.645367,REGISTERED,9,279.10769489031225
46,47,87.037880,REGISTERED,5,280.1029098445872
46,57,96.763538,REGISTERED,5,280.1029589084503
46,66,92.495007,REGISTERED,9,279.10785441010904
47,48,96.763538,CLUSTER_HEAD,4,440.10208961900884
47,56,92.495007,CLUSTER_HEAD,8,440.10629732408654
47,58,98.150871,CLUSTER_HEAD,5,440.1029340460414
47,57,96.763538,CLUSTER_HEAD,5,440.1029589084503
47,49,83.429221,REGISTERED,4,279.10208842204935
47,55,82.545901,REGISTERED,8,280.1061673120926
47,66,92.495007,REGISTERED,9,279.10785441010904
47,67,88.283661,REGISTERED,6,299.10393812180337
47,68,77.973027,REGISTERED,6,299.10396028722386
47,59,98.150871,REGISTERED,6,299.1040272014846
48,49,83.429221,REGISTERED,4,440.10208842204935
48,58,98.150871,CLUSTER_HEAD,5,440.1029340460414
48,57,96.763538,CLUSTER_HEAD,5,440.1029589084503
48,56,92.495007,CLUSTER_HEAD,8,299.10629732408654
48,67,88.283661,REGISTERED,6,299.10393812180337
48,68,77.973027,REGISTERED,6,299.10396028722386
48,59,98.150871,REGISTERED,6,299.1040272014846
49,58,98.150871,REGISTERED,5,279.1029340460414
49,57,96.763538,REGISTERED,5,279.1029589084503
50,51,94.180312,REGISTERED,11,440.11111848672255
50,52,92.037078,CLUSTER_HEAD,10,340.109255677143
50,60,88.920126,REGISTERED,13,440.11520131473145
50,61,91.924354,CLUSTER_HEAD,12,380.1130143087122
50,70,91.924354,REGISTERED,13,380.11515297456384
51,52,92.037078,CLUSTER_HEAD,10,440.109255677143
51,53,90.040448,CLUSTER_HEAD,9,320.10769284758896
51,62,92.037078,REGISTERED,11,319.11109245027933
51,60,88.920126,REGISTERED,13,359.11520131473145
52,53,90.040448,CLUSTER_HEAD,9,440.10769284758896
52,54,94.866993,CLUSTER_HEAD,8,300.1061964733138
52,63,96.236091,REGISTERED,10,299.1093667238887
52,62,92.037078,CLUSTER_HEAD,11,440.11109245027933
52,72,91.773970,CLUSTER_HEAD,11,339.11115020217477
52,61,91.924354,REGISTERED,12,339.1130143087122
53,54,94.866993,CLUSTER_HEAD,8,440.1061964733138
53,55,82.545901,REGISTERED,8,279.1061673120926
53,65,96.645367,REGISTERED,9,279.10769489031225
53,64,96.236091,REGISTERED,9,279.107703869776
53,63,96.236091,CLUSTER_HEAD,10,440.1093667238887
53,62,92.037078,REGISTERED,11,319.11109245027933
53,73,92.498391,REGISTERED,11,319.11113248853763
53,72,91.773970,REGISTERED,11,319.11115020217477
54,55,82.545901,REGISTERED,8,440.1061673120926
54,65,96.645367,REGISTERED,9,440.10769489031225
54,64,96.236091,CLUSTER_HEAD,9,440.107703869776
54,56,92.495007,CLUSTER_HEAD,8,279.10629732408654
54,66,92.495007,CLUSTER_HEAD,9,299.10785441010904
54,74,96.645367,REGISTERED,10,299.10932232194693
54,75,95.951756,REGISTERED,10,299.1093619142994
54,63,96.236091,REGISTERED,10,299.1093667238887
55,56,92.495007,CLUSTER_HEAD,8,440.10629732408654
55,65,96.645367,REGISTERED,9,440.10769489031225
55,64,96.236091,REGISTERED,9,279.107703869776
55,57,96.763538,REGISTERED,5,280.1029589084503
55,66,92.495007,REGISTERED,9,279.10785441010904
55,74,96.645367,REGISTERED,10,299.10932232194693
55,75,95.951756,REGISTERED,10,299.1093619142994
56,57,96.763538,CLUSTER_HEAD,5,440.1029589084503
56,66,92.495007,CLUSTER_HEAD,9,440.10785441010904
56,65,96.645367,REGISTERED,9,279.10769489031225
56,58,98.150871,CLUSTER_HEAD,5,299.1029340460414
56,67,88.283661,REGISTERED,6,299.10393812180337
56,68,77.973027,REGISTERED,6,299.10396028722386
56,76,88.456355,REGISTERED,10,299.10957117723194
57,58,98.150871,CLUSTER_HEAD,5,440.1029340460414
57,66,92.495007,REGISTERED,9,279.10785441010904
57,67,88.283661,REGISTERED,6,440.10393812180337
57,68,77.973027,REGISTERED,6,440.10396028722386
57,59,98.150871,REGISTERED,6,299.1040272014846
58,67,88.283661,REGISTERED,6,440.10393812180337
58,68,77.973027,REGISTERED,6,440.10396028722386
58,59,98.150871,CLUSTER_HEAD,6,440.1040272014846
58,66,92.495007,CLUSTER_HEAD,9,319.10785441010904
58,69,78.547712,REGISTERED,7,319.1051197323925
59,67,88.283661,REGISTERED,6,299.10393812180337
59,68,77.973027,REGISTERED,6,299.10396028722386
59,69,78.547712,CLUSTER_HEAD,7,440.1051197323925
59,79,78.547712,CLUSTER_HEAD,8,339.1064284664302
60,61,91.924354,CLUSTER_HEAD,12,440.1130143087122
60,70,91.924354,REGISTERED,13,440.11515297456384
60,62,92.037078,CLUSTER_HEAD,11,360.11109245027933
60,71,86.631031,CLUSTER_HEAD,12,359.1131369346708
60,80,84.589543,REGISTERED,13,379.1153244520699
61,62,92.037078,CLUSTER_HEAD,11,440.11109245027933
61,71,86.631031,CLUSTER_HEAD,12,440.1131369346708
61,63,96.236091,CLUSTER_HEAD,10,340.1093667238887
61,72,91.773970,CLUSTER_HEAD,11,339.11115020217477
61,70,91.924354,REGISTERED,13,440.11515297456384
61,81,98.206044,CLUSTER_HEAD,12,359.11312898229704
61,80,84.589543,REGISTERED,13,359.1153244520699
62,63,96.236091,CLUSTER_HEAD,10,440.1093667238887
62,72,91.773970,CLUSTER_HEAD,11,440.11115020217477
62,64,96.236091,CLUSTER_HEAD,9,320.107703869776
62,73,92.498391,REGISTERED,11,319.11113248853763
62,81,98.206044,REGISTERED,12,339.11312898229704
62,82,97.066020,REGISTERED,12,339.1131312008453
62,71,86.631031,REGISTERED,12,339.1131369346708
62,70,91.924354,REGISTERED,13,359.11515297456384
63,64,96.236091,CLUSTER_HEAD,9,440.107703869776
63,65,96.645367,REGISTERED,9,299.10769489031225
63,74,96.645367,REGISTERED,10,299.10932232194693
63,75,95.951756,REGISTERED,10,299.1093619142994
63,73,92.498391,REGISTERED,11,440.11113248853763
63,72,91.773970,CLUSTER_HEAD,11,440.11115020217477
63,83,96.534355,CLUSTER_HEAD,11,339.11116918254834
63,82,97.066020,REGISTERED,12,339.1131312008453
63,81,98.206044,REGISTERED,12,339.11312898229704
63,71,86.631031,REGISTERED,12,339.1131369346708
64,65,96.645367,REGISTERED,9,440.10769489031225
64,74,96.645367,CLUSTER_HEAD,10,440.10932232194693
64,75,95.951756,CLUSTER_HEAD,10,440.1093619142994
64,66,92.495007,CLUSTER_HEAD,9,299.10785441010904
64,73,92.498391,REGISTERED,11,319.11113248853763
64,84,79.208571,REGISTERED,11,319.11113647879813
64,83,96.534355,REGISTERED,11,319.11116918254834
64,76,88.456355,CLUSTER_HEAD,10,319.10957117723194
64,85,89.305522,REGISTERED,11,319.11116759738354
64,86,96.959608,REGISTERED,11,319.111202796608
64,72,91.773970,REGISTERED,11,319.11115020217477
65,66,92.495007,CLUSTER_HEAD,9,440.10785441010904
65,74,96.645367,CLUSTER_HEAD,10,440.10932232194693
65,75,95.951756,CLUSTER_HEAD,10,440.1093619142994
65,67,88.283661,REGISTERED,6,300.10393812180337
65,76,88.456355,REGISTERED,10,299.10957117723194
65,73,92.498391,REGISTERED,11,319.11113248853763
65,84,79.208571,REGISTERED,11,319.11113647879813
65,83,96.534355,REGISTERED,11,319.11116918254834
65,85,89.305522,REGISTERED,11,319.11116759738354
65,86,96.959608,REGISTERED,11,319.111202796608
66,67,88.283661,REGISTERED,6,440.10393812180337
66,76,88.456355,CLUSTER_HEAD,10,440.10957117723194
66,74,96.645367,REGISTERED,10,299.10932232194693
66,75,95.951756,REGISTERED,10,299.1093619142994
66,68,77.973027,REGISTERED,6,319.10396028722386
66,85,89.305522,REGISTERED,11,319.11116759738354
66,86,96.959608,REGISTERED,11,319.111202796608
66,77,97.208740,REGISTERED,11,319.11148069953697
67,68,77.973027,REGISTERED,6,440.10396028722386
67,76,88.456355,REGISTERED,10,299.10957117723194
69,79,78.547712,CLUSTER_HEAD,8,440.1064284664302
69,78,96.218740,REGISTERED,9,359.1129590428163
69,89,98.574131,REGISTERED,9,359.10664308919274
70,71,86.631031,CLUSTER_HEAD,12,440.1131369346708
70,80,84.589543,REGISTERED,13,440.1153244520699
70,72,91.773970,CLUSTER_HEAD,11,360.11115020217477
70,81,98.206044,CLUSTER_HEAD,12,359.11312898229704
70,90,98.206044,REGISTERED,13,379.1153304321894
71,72,91.773970,CLUSTER_HEAD,11,440.11115020217477
71,81,98.206044,CLUSTER_HEAD,12,440.11312898229704
71,73,92.498391,REGISTERED,11,339.11113248853763
71,82,97.066020,REGISTERED,12,339.1131312008453
71,80,84.589543,REGISTERED,13,440.1153244520699
71,90,98.206044,REGISTERED,13,359.1153304321894
72,73,92.498391,REGISTERED,11,440.11113248853763
72,81,98.206044,CLUSTER_HEAD,12,440.11312898229704
72,82,97.066020,REGISTERED,12,440.1131312008453
72,74,96.645367,CLUSTER_HEAD,10,340.10932232194693
72,83,96.534355,CLUSTER_HEAD,11,339.11116918254834
72,90,98.206044,REGISTERED,13,359.1153304321894
72,93,97.066020,REGISTERED,12,359.1130763290377
72,92,98.493137,CLUSTER_HEAD,12,359.113122602293
72,80,84.589543,REGISTERED,13,359.1153244520699
73,74,96.645367,CLUSTER_HEAD,10,440.10932232194693
73,83,96.534355,CLUSTER_HEAD,11,440.11116918254834
73,75,95.951756,CLUSTER_HEAD,10,319.1093619142994
73,84,79.208571,REGISTERED,11,319.11113647879813
73,82,97.066020,REGISTERED,12,440.1131312008453
73,81,98.206044,REGISTERED,12,339.11312898229704
73,93,97.066020,REGISTERED,12,339.1130763290377
73,94,97.871510,REGISTERED,12,339.11309552293955
73,92,98.493137,REGISTERED,12,339.113122602293
74,75,95.951756,CLUSTER_HEAD,10,440.1093619142994
74,84,79.208571,REGISTERED,11,440.11113647879813
74,83,96.534355,CLUSTER_HEAD,11,440.11116918254834
74,76,88.456355,CLUSTER_HEAD,10,319.10957117723194
74,85,89.305522,REGISTERED,11,319.11116759738354
74,86,96.959608,REGISTERED,11,319.111202796608
74,82,97.066020,REGISTERED,12,339.1131312008453
74,94,97.871510,REGISTERED,12,339.11309552293955
74,93,97.066020,REGISTERED,12,339.1130763290377
74,92,98.493137,REGISTERED,12,339.113122602293
75,76,88.456355,CLUSTER_HEAD,10,440.10957117723194
75,84,79.208571,REGISTERED,11,440.11113647879813
75,85,89.305522,CLUSTER_HEAD,11,440.11116759738354
75,86,96.959608,CLUSTER_HEAD,11,440.111202796608
75,83,96.534355,REGISTERED,11,319.11116918254834
75,77,97.208740,REGISTERED,11,319.11148069953697
75,94,97.871510,REGISTERED,12,339.11309552293955
75,95,97.871510,REGISTERED,12,339.11321222123127
75,96,95.846818,REGISTERED,12,339.1133124558432
76,85,89.305522,CLUSTER_HEAD,11,440.11116759738354
76,86,96.959608,CLUSTER_HEAD,11,440.111202796608
76,77,97.208740,CLUSTER_HEAD,11,440.11148069953697
76,84,79.208571,REGISTERED,11,319.11113647879813
76,95,97.871510,REGISTERED,12,339.11321222123127
76,96,95.846818,REGISTERED,12,339.1133124558432
76,78,96.218740,REGISTERED,9,339.1129590428163
76,87,90.719373,REGISTERED,12,339.11346304529854
76,88,97.208740,REGISTERED,12,339.1135079028836
77,85,89.305522,REGISTERED,11,319.11116759738354
77,86,96.959608,REGISTERED,11,319.111202796608
77,78,96.218740,REGISTERED,9,440.1129590428163
77,87,90.719373,CLUSTER_HEAD,12,440.11346304529854
77,88,97.208740,REGISTERED,12,440.1135079028836
77,79,78.547712,CLUSTER_HEAD,8,360.1064284664302
77,89,98.574131,REGISTERED,9,360.10664308919274
77,96,95.846818,REGISTERED,12,360.1133124558432
77,97,81.184860,REGISTERED,13,359.11544501798534
77,98,99.611614,REGISTERED,13,359.1154646457833
78,79,78.547712,CLUSTER_HEAD,8,440.1064284664302
78,88,97.208740,REGISTERED,12,440.1135079028836
78,87,90.719373,REGISTERED,12,339.11346304529854
78,89,98.574131,CLUSTER_HEAD,9,440.10664308919274
78,98,99.611614,REGISTERED,13,359.1154646457833
78,99,99.611614,REGISTERED,10,379.1082997662902
79,89,98.574131,CLUSTER_HEAD,9,440.10664308919274
79,88,97.208740,REGISTERED,12,359.1135079028836
79,99,99.611614,REGISTERED,10,379.1082997662902
80,90,98.206044,REGISTERED,13,440.1153304321894
80,81,98.206044,CLUSTER_HEAD,12,359.11312898229704
80,91,98.493137,REGISTERED,13,379.115362700589
81,82,97.066020,REGISTERED,12,440.1131312008453
81,90,98.206044,REGISTERED,13,440.1153304321894
81,83,96.534355,CLUSTER_HEAD,11,360.11116918254834
81,93,97.066020,REGISTERED,12,359.1130763290377
81,92,98.493137,CLUSTER_HEAD,12,359.113122602293
81,91,98.493137,REGISTERED,13,379.115362700589
82,83,96.534355,CLUSTER_HEAD,11,440.11116918254834
82,93,97.066020,REGISTERED,12,440.1130763290377
82,92,98.493137,CLUSTER_HEAD,12,440.113122602293
82,84,79.208571,REGISTERED,11,339.11113647879813
82,94,97.871510,REGISTERED,12,339.11309552293955
82,91,98.493137,REGISTERED,13,359.115362700589
82,90,98.206044,REGISTERED,13,359.1153304321894
83,84,79.208571,REGISTERED,11,440.11113647879813
83,93,97.066020,REGISTERED,12,440.1130763290377
83,94,97.871510,REGISTERED,12,440.11309552293955
83,92,98.493137,CLUSTER_HEAD,12,440.113122602293
83,85,89.305522,CLUSTER_HEAD,11,339.11116759738354
83,95,97.871510,REGISTERED,12,359.11321222123127
83,91,98.493137,REGISTERED,13,359.115362700589
84,85,89.305522,CLUSTER_HEAD,11,440.11116759738354
84,86,96.959608,REGISTERED,11,319.111202796608
84,94,97.871510,REGISTERED,12,440.11309552293955
84,95,97.871510,REGISTERED,12,339.11321222123127
84,93,97.066020,REGISTERED,12,339.1130763290377
84,92,98.493137,REGISTERED,12,339.113122602293
85,86,96.959608,CLUSTER_HEAD,11,440.111202796608
85,95,97.871510,REGISTERED,12,440.11321222123127
85,94,97.871510,REGISTERED,12,339.11309552293955
85,96,95.846818,REGISTERED,12,339.1133124558432
86,95,97.871510,REGISTERED,12,440.11321222123127
86,96,95.846818,REGISTERED,12,440.1133124558432
86,94,97.871510,REGISTERED,12,360.11309552293955
86,87,90.719373,CLUSTER_HEAD,12,359.11346304529854
86,97,81.184860,REGISTERED,13,359.11544501798534
87,96,95.846818,REGISTERED,12,440.1133124558432
87,88,97.208740,REGISTERED,12,440.1135079028836
87,97,81.184860,REGISTERED,13,440.11544501798534
87,98,99.611614,REGISTERED,13,440.1154646457833
87,95,97.871510,REGISTERED,12,360.11321222123127
87,89,98.574131,REGISTERED,9,360.10664308919274
87,99,99.611614,REGISTERED,10,380.1082997662902
88,89,98.574131,CLUSTER_HEAD,9,440.10664308919274
88,98,99.611614,REGISTERED,13,440.1154646457833
88,96,95.846818,REGISTERED,12,360.1133124558432
88,97,81.184860,REGISTERED,13,359.11544501798534
88,99,99.611614,REGISTERED,10,379.1082997662902
89,98,99.611614,REGISTERED,13,359.1154646457833
89,99,99.611614,REGISTERED,10,440.1082997662902
90,91,98.493137,REGISTERED,13,440.115362700589
90,92,98.493137,CLUSTER_HEAD,12,380.113122602293
91,92,98.493137,CLUSTER_HEAD,12,440.113122602293
91,93,97.066020,REGISTERED,12,359.1130763290377
92,93,97.066020,REGISTERED,12,440.1130763290377
92,94,97.871510,REGISTERED,12,339.11309552293955
93,94,97.871510,REGISTERED,12,440.11309552293955
93,95,97.871510,REGISTERED,12,359.11321222123127
94,95,97.871510,REGISTERED,12,440.11321222123127
94,96,95.846818,REGISTERED,12,359.1133124558432
95,96,95.846818,REGISTERED,12,440.1133124558432
95,97,81.184860,REGISTERED,13,359.11544501798534
96,97,81.184860,REGISTERED,13,440.11544501798534
96,98,99.611614,REGISTERED,13,359.1154646457833
97,98,99.611614,REGISTERED,13,440.1154646457833
97,99,99.611614,REGISTERED,10,380.1082997662902
98,99,99.611614,REGISTERED,10,440.1082997662902
