time,node_id,power
0,0,10.0
0,1,10.0
0,2,10.0
0,3,10.0
0,4,10.0
0,5,10.0
0,6,10.0
0,7,10.0
0,8,10.0
0,9,10.0
0,10,10.0
0,11,10.0
0,12,10.0
0,13,10.0
0,14,10.0
0,15,10.0
0,16,10.0
0,17,10.0
0,18,10.0
0,19,10.0
0,20,10.0
0,21,10.0
0,22,10.0
0,23,10.0
0,24,10.0
0,25,10.0
0,26,10.0
0,27,10.0
0,28,10.0
0,29,10.0
0,30,10.0
0,31,10.0
0,32,10.0
0,33,10.0
0,34,10.0
0,35,10.0
0,36,10.0
0,37,10.0
0,38,10.0
0,39,10.0
0,40,10.0
0,41,10.0
0,42,10.0
0,43,10.0
0,44,10.0
0,45,10.0
0,46,10.0
0,47,10.0
0,48,10.0
0,49,10.0
0,50,10.0
0,51,10.0
0,52,10.0
0,53,10.0
0,54,10.0
0,55,10.0
0,56,10.0
0,57,10.0
0,58,10.0
0,59,10.0
0,60,10.0
0,61,10.0
0,62,10.0
0,63,10.0
0,64,10.0
0,65,10.0
0,66,10.0
0,67,10.0
0,68,10.0
0,69,10.0
0,70,10.0
0,71,10.0
0,72,10.0
0,73,10.0
0,74,10.0
0,75,10.0
0,76,10.0
0,77,10.0
0,78,10.0
0,79,10.0
0,80,10.0
0,81,10.0
0,82,10.0
0,83,10.0
0,84,10.0
0,85,10.0
0,86,10.0
0,87,10.0
0,88,10.0
0,89,10.0
0,90,10.0
0,91,10.0
0,92,10.0
0,93,10.0
0,94,10.0
0,95,10.0
0,96,10.0
0,97,10.0
0,98,10.0
0,99,10.0
100,0,9.98621299520001
100,1,9.995678060799996
100,2,9.9985712704
100,3,10.0
100,4,9.9801407872
100,5,9.977926406400009
100,6,10.0
100,7,10.0
100,8,10.0
100,9,10.0
100,10,10.0
100,11,9.988391840000013
100,12,9.970532720000005
100,13,9.981890841599991
100,14,10.0
100,15,10.0
100,16,9.899202847999938
100,17,999998.8948643025
100,18,9.9936064672
100,19,10.0
100,20,10.0
100,21,10.0
100,22,10.0
100,23,9.993035104000008
100,24,10.0
100,25,9.861860537599995
100,26,9.91838344639994
100,27,9.956477372799984
100,28,9.980730025599993
100,29,10.0
100,30,10.0
100,31,10.0
100,32,9.965139340800008
100,33,9.983462358399986
100,34,9.969032060799972
100,35,9.898203337599977
100,36,9.927902780799972
100,37,10.0
100,38,9.96296028159999
100,39,10.0
100,40,9.971032796800007
100,41,10.0
100,42,10.0
100,43,9.967032182399993
100,44,10.0
100,45,10.0
100,46,9.946350924799958
100,47,9.977033289599998
100,48,10.0
100,49,10.0
100,50,9.973354428800004
100,51,10.0
100,52,10.0
100,53,9.99164212480001
100,54,10.0
100,55,9.9794264224
100,56,9.963370982399987
100,57,9.957530723199962
100,58,9.972675599999992
100,59,10.0
100,60,9.986070208000015
100,61,10.0
100,62,10.0
100,63,9.969782604800002
100,64,10.0
100,65,9.980819401599998
100,66,10.0
100,67,9.967782297599996
100,68,10.0
100,69,9.982641171200008
100,70,10.0
100,71,10.0
100,72,9.954031043200008
100,73,9.968532412799998
100,74,9.980069286399996
100,75,9.9782477312
100,76,10.0
100,77,9.997178291200001
100,78,9.985641417600004
100,79,10.0
100,80,9.99071347200001
100,81,9.956316924800003
100,82,10.0
100,83,10.0
100,84,9.9813194784
100,85,10.0
100,86,10.0
100,87,10.0
100,88,9.985712918400008
100,89,10.0
100,90,10.0
100,91,10.0
100,92,9.977926406400009
100,93,10.0
100,94,9.995928099199997
100,95,9.976944128000007
100,96,9.991070547200003
100,97,10.0
100,98,9.993177891200002
100,99,9.989463280000006
200,0,9.964531798399985
200,1,9.963173926399946
200,2,9.949744211199963
200,3,9.8829863167999
200,4,9.915347020799913
200,5,9.912310595199887
200,6,9.962245059199933
200,7,9.987873459199982
200,8,9.892236451199846
200,9,9.92186460799985
200,10,9.975283020799992
200,11,9.922865833599925
200,12,9.778975702399915
200,13,9.821354531199876
200,14,9.978747379199973
200,15,9.560828025599918
200,16,9.551591692799704
200,17,999998.6705681558
200,18,9.667214969599975
200,19,9.854285097599782
200,20,9.968996524799984
200,21,9.95663803519998
200,22,9.962995174399936
200,23,9.752204575999883
200,24,9.733701734399823
200,25,9.331427119999784
200,26,9.676997071999669
200,27,9.625528771199757
200,28,9.653799055999723
200,29,9.881201369599964
200,30,9.988034335999991
200,31,9.923347820799911
200,32,9.764724799999954
200,33,9.889521564799825
200,34,9.688534803199722
200,35,9.455082230399743
200,36,9.646905446399721
200,37,9.85533844799976
200,38,9.654461939199862
200,39,9.983640895999983
200,40,9.926777715199975
200,41,9.96271024319999
200,42,9.931205833599915
200,43,9.843000406399927
200,44,9.827051359999864
200,45,9.834711887999799
200,46,9.557057215999748
200,47,9.766081814399936
200,48,9.98619469119998
200,49,9.993017014399992
200,50,9.940921795199959
200,51,9.946422639999977
200,52,9.986784143999987
200,53,9.882022127999914
200,54,9.85573255999984
200,55,9.61292110079981
200,56,9.756594585599665
200,57,9.741826374399743
200,58,9.817049823999831
200,59,9.889094275199913
200,60,9.952637420799967
200,61,9.961960127999987
200,62,9.922597705599909
200,63,9.811461532799935
200,64,9.730487414399843
200,65,9.704251686399786
200,66,9.74829205119979
200,67,9.733006959999937
200,68,9.860591398399919
200,69,9.873021174399913
200,70,9.963352892799971
200,71,9.954637727999973
200,72,9.866770214399892
200,73,9.837499561599909
200,74,9.803688822399668
200,75,9.625083177599816
200,76,9.957030217599932
200,77,9.913203711999898
200,78,9.912025878399955
200,79,9.996892502399998
200,80,9.967532259199995
200,81,9.891095011199948
200,82,9.974247116799987
200,83,9.905221644799958
200,84,9.866055635199878
200,85,9.764474761599953
200,86,9.958244659199934
200,87,9.96010239359996
200,88,9.916097564799944
200,89,9.977479526399982
200,90,9.985783990399984
200,91,9.958566841599982
200,92,9.94135058559997
200,93,9.978747379199973
200,94,9.96719241599996
200,95,9.8680740319999
200,96,9.907811190399958
200,97,9.951780268799972
200,98,9.944458083199972
200,99,9.970210966399986
300,0,9.872306595199898
300,1,9.857197039999843
300,2,9.834980659199857
300,3,9.632670489599633
300,4,9.686642390399765
300,5,9.687392076799739
300,6,9.854946051199793
300,7,9.937385078399917
300,8,9.682033375999673
300,9,9.793348086399643
300,10,9.860447539199853
300,11,9.677927225599767
300,12,9.45636774399972
300,13,9.504300614399675
300,14,9.721336598399379
300,15,8.954762172799736
300,16,9.08921934399952
300,17,999998.4405566604
300,18,9.366091151999765
300,19,9.583449961599559
300,20,9.839765638399776
300,21,9.693770092799895
300,22,9.80808097599959
300,23,9.363071529599669
300,24,9.30958354559965
300,25,8.73186205119961
300,26,9.46050664319943
300,27,9.278131903999522
300,28,9.33928063039949
300,29,9.721218118399811
300,30,9.892449881599788
300,31,9.611543638399656
300,32,9.395182838399723
300,33,9.637027321599582
300,34,9.299239807999427
300,35,8.954633830399516
300,36,9.385838825599475
300,37,9.593771750399512
300,38,9.30301126079964
300,39,9.834265865599829
300,40,9.736221065599903
300,41,9.794563171199687
300,42,9.563021315199695
300,43,9.55693101759967
300,44,9.551591263999676
300,45,9.578949270399544
300,46,9.161333580799493
300,47,9.490050140799742
300,48,9.717323683199734
300,49,9.84344557119984
300,50,9.83414116799985
300,51,9.789438991999777
300,52,9.717143859199652
300,53,9.67849815999973
300,54,9.587130108799638
300,55,9.217197465599554
300,56,9.492277465599408
300,57,9.464187433599552
300,58,9.559091129599615
300,59,9.6779976543997
300,60,9.83792727999985
300,61,9.728505196799851
300,62,9.636993286399694
300,63,9.478798841599733
300,64,9.431309635199593
300,65,9.362533772799537
300,66,9.433898108799522
300,67,9.431473513599801
300,68,9.539018700799687
300,69,9.6619245535997
300,70,9.84344557119984
300,71,9.808333158399734
300,72,9.54194701759965
300,73,9.500139337599666
300,74,9.478792623999322
300,75,9.20203449919951
300,76,9.701783622399553
300,77,9.754200595199606
300,78,9.677213289599795
300,79,9.782510275199815
300,80,9.909989820799947
300,81,9.683106316799766
300,82,9.615331894399798
300,83,9.613866342399724
300,84,9.706786319999697
300,85,9.401684479999787
300,86,9.773150316799693
300,87,9.73938025919978
300,88,9.629421062399693
300,89,9.791830838399694
300,90,9.91581070399987
300,91,9.834087542399846
300,92,9.800797327999778
300,93,9.828997612799839
300,94,9.91977599679991
300,95,9.69564248639971
300,96,9.684821478399812
300,97,9.722074198399735
300,98,9.72279135039992
300,99,9.903773324799843
400,0,9.763936575999793
400,1,9.745755273599737
400,2,9.718966915199747
400,3,9.401393545599444
400,4,9.475974774399578
400,5,9.480760611199553
400,6,9.75582702399969
400,7,9.889218543999863
400,8,9.475973059199465
400,9,9.643169315199483
400,10,9.696856499199683
400,11,9.419432275199519
400,12,9.16272698879952
400,13,9.225392963199436
400,14,9.360793875199036
400,15,8.407451699199505
400,16,8.680745679999351
400,17,999998.2415486458
400,18,9.076486118399536
400,19,9.316239846399313
400,20,9.624990799999612
400,21,9.432097001599697
400,22,9.632809203199358
400,23,9.020014691199453
400,24,8.914235718399446
400,25,8.210428943999357
400,26,9.257946863999233
400,27,8.9531661343993
400,28,9.03847813759927
400,29,9.564520902399657
400,30,9.754021628799581
400,31,9.313276636799404
400,32,9.077610111999462
400,33,9.400213996799387
400,34,8.930947395199158
400,35,8.503333171199273
400,36,9.131076361599224
400,37,9.33395532159927
400,38,8.988992911999407
400,39,9.68499808639968
400,40,9.519767459199738
400,41,9.531746281599435
400,42,9.204587007999422
400,43,9.29320335039942
400,44,9.298740803199497
400,45,9.316632457599294
400,46,8.772467590399224
400,47,9.244235862399545
400,48,9.460829039999492
400,49,9.695267107199687
400,50,9.676336547199686
400,51,9.53267622079952
400,52,9.39521322879937
400,53,9.47547383999952
400,54,9.331636262399442
400,55,8.843725961599286
400,56,9.236514847999153
400,57,9.212765702399373
400,58,9.324063609599413
400,59,9.472258876799497
400,60,9.691499084799702
400,61,9.457473219199603
400,62,9.359085788799458
400,63,9.163208975999506
400,64,9.131078505599366
400,65,9.028744729599254
400,66,9.12575448319923
400,67,9.127831222399568
400,68,9.238269404799443
400,69,9.4571859295995
400,70,9.686444691199682
400,71,9.606058953599526
400,72,9.206764995199368
400,73,9.188782035199438
400,74,9.16229112319904
400,75,8.792362124799197
400,76,9.385460444799254
400,77,9.491383705599354
400,78,9.399948441599541
400,79,9.5531617087996
400,80,9.814228758399874
400,81,9.369069663999504
400,82,9.193658534399503
400,83,9.337530361599484
400,84,9.555357356799533
400,85,9.058287369599508
400,86,9.516887622399437
400,87,9.479313791999537
400,88,9.306346847999372
400,89,9.524461132799523
400,90,9.785704790399667
400,91,9.630027961599673
400,92,9.592772239999551
400,93,9.673693375999683
400,94,9.871859500799857
400,95,9.530176479999554
400,96,9.473332246399618
400,97,9.507119964799518
400,98,9.521911196799781
400,99,9.836085062399668
500,0,9.65253055999969
500,1,9.63192037439963
500,2,9.602274556799639
500,3,9.159365379199247
500,4,9.261235043199374
500,5,9.27162876159936
500,6,9.655457804799582
500,7,9.840301894399808
500,8,9.267019747199267
500,9,9.492901382399332
500,10,9.53214060799953
500,11,9.153972428799278
500,12,8.857513180799291
500,13,8.948074918399207
500,14,8.991625148798686
500,15,7.852390249599459
500,16,8.264271215999184
500,17,999998.0376290234
500,18,8.781737743999312
500,19,9.037992934399071
500,20,9.410287033599424
500,21,9.15535031999946
500,22,9.430284959999149
500,23,8.67502883199922
500,24,8.515905519999247
500,25,7.666118716799543
500,26,9.049172089599033
500,27,8.626789510399078
500,28,8.731121449599055
500,29,9.405287766399507
500,30,9.601467814399435
500,31,9.024653667199164
500,32,8.742142515199191
500,33,9.159686060799196
500,34,8.564655289598896
500,35,8.043031772799043
500,36,8.876813974398974
500,37,9.078192703999015
500,38,8.664277180799186
500,39,9.534230076799528
500,40,9.306420921599546
500,41,9.277483894399186
500,42,8.849045910399152
500,43,9.030225798399172
500,44,9.047247571199314
500,45,9.062120031999044
500,46,8.387709465598974
500,47,8.995207049599355
500,48,9.203334243199247
500,49,9.547338681599534
500,50,9.525318499199532
500,51,9.277163641599266
500,52,9.081140396799078
500,53,9.272735523199326
500,54,9.081107219199247
500,55,8.467325711999028
500,56,8.982502499198905
500,57,8.95487893759919
500,58,9.088750515199223
500,59,9.270734787199292
500,60,9.54082023679954
500,61,9.180976575999367
500,62,9.078927945599215
500,63,8.845797555199283
500,64,8.838812425599134
500,65,8.70063485439897
500,66,8.805752444798937
500,67,8.820617107199332
500,68,8.941252595199195
500,69,9.256411955199297
500,70,9.53119407999953
500,71,9.400320175999322
500,72,8.874904543999072
500,73,8.879246287999205
500,74,8.849646806398734
500,75,8.373688796798884
500,76,9.063387027198978
500,77,9.237871433599107
500,78,9.122754879999277
500,79,9.330635251199382
500,80,9.713966790399773
500,81,9.04881758719921
500,82,8.774985635199219
500,83,9.07107036159924
500,84,9.407678969599381
500,85,8.723212598399233
500,86,9.262625235199188
500,87,9.225051404799288
500,88,8.97027127999905
500,89,9.250519142399341
500,90,9.63393662719951
500,91,9.427753756799465
500,92,9.388997804799338
500,93,9.521425135999525
500,94,9.823210764799803
500,95,9.371139756799401
500,96,9.26295020479942
500,97,9.293308457599284
500,98,9.304457865599641
500,99,9.761645977599485
600,0,9.543446175999584
600,1,9.521514297599516
600,2,9.490868540799536
600,3,8.93173154559905
600,4,9.038887551999181
600,5,9.052995881599163
600,6,9.55494579839948
600,7,9.791903196799755
600,8,9.062959737599066
600,9,9.342722611199171
600,10,9.373550335999376
600,11,8.898978015999042
600,12,8.562336015999055
600,13,8.664363340798978
600,14,8.625206844798345
600,15,7.3044545727999015
600,16,7.870263385599178
600,17,999997.8392102472
600,18,8.486899993599081
600,19,8.76953262719882
600,20,9.199904991999226
600,21,8.888890319999216
600,22,9.224046105598944
600,23,8.319613718399015
600,24,8.123290025599037
600,25,7.149185871999953
600,26,8.842933235198828
600,27,8.31069956799885
600,28,8.422032582398849
600,29,9.24569734079935
600,30,9.451199881599283
600,31,8.740763337598924
600,32,8.410103740798913
600,33,8.923551350398998
600,34,8.19493436159864
600,35,7.592838518399349
600,36,8.61324696959872
600,37,8.821679971198758
600,38,8.352669839998956
600,39,9.380176031999376
600,40,9.095788841599347
600,41,9.023471545598937
600,42,8.484932435198878
600,43,8.759283196798929
600,44,8.799218911999127
600,45,8.807857644798794
600,46,8.004629894398711
600,47,8.745499622399166
600,48,8.935874089599
600,49,9.397320787199384
600,50,9.37480052799938
600,51,9.01609702079902
600,52,8.765924623998789
600,53,9.070461318399119
600,54,8.836650169599046
600,55,8.088139503998772
600,56,8.719435571198652
600,57,8.699599593599007
600,58,8.857473571199034
600,59,9.071211004799093
600,60,9.391302419199391
600,61,8.912676931199112
600,62,8.801520524798981
600,63,8.543405455999054
600,64,8.549868131198902
600,65,8.380704531198695
600,66,8.497108742398645
600,67,8.523868425599101
600,68,8.657612303998956
600,69,9.054887865599092
600,70,9.37599709439938
600,71,9.19954620159912
600,72,8.551723721598787
600,73,8.577764966398973
600,74,8.538752758398434
600,75,7.971267107198618
600,76,8.749064156798685
600,77,8.981858777598852
600,78,8.854294572799027
600,79,9.110966252799166
600,80,9.61484776319967
600,81,8.741424076798921
600,82,8.367563606398914
600,83,8.80261005439899
600,84,9.257160998399229
600,85,8.383030451198977
600,86,9.000308422398938
600,87,8.970789017599039
600,88,8.646696988798727
600,89,8.99102511039916
600,90,9.48675831679936
600,91,9.22476540159927
600,92,9.183259027199135
600,93,9.369406934399368
600,94,9.774544153599749
600,95,9.214299753599253
600,96,9.049103590399227
600,97,9.085997948799072
600,98,9.100398713599496
600,99,9.697601039999316
700,0,9.435290444799477
700,1,9.412001337599413
700,2,9.377033641599429
700,3,8.701133215998858
700,4,8.82514797439898
700,5,8.844614147198971
700,6,9.455326694399375
700,7,9.7434866239997
700,8,8.857399497598859
700,9,9.19504422399902
700,10,9.21445998719922
700,11,8.640233027198793
700,12,8.257211583998831
700,13,8.386366467198737
700,14,8.250663043198028
700,15,6.762644515200338
700,16,7.458968227199515
700,17,999997.6392912401
700,18,8.19770566079885
700,19,8.501822435198573
700,20,8.991951833599032
700,21,8.62493070399898
700,22,9.02302209279874
700,23,7.982039635198831
700,24,7.736818025599174
700,25,6.610250934400385
700,26,8.637372995198621
700,27,7.988555507198642
700,28,8.120730012798628
700,29,9.0902503167992
700,30,9.303682371199141
700,31,8.446836364798692
700,32,8.08388692159863
700,33,8.687595177598798
700,34,7.832821193598622
700,35,7.13771621119971
700,36,8.358234467198468
700,37,8.559613196798509
700,38,8.042473353598727
700,39,9.22840786879922
700,40,8.881799225599146
700,41,8.760904694398686
700,42,8.12610530239861
700,43,8.493555222398673
700,44,8.546403987198936
700,45,8.545790870398545
700,46,7.615228291199002
700,47,8.497935075198964
700,48,8.679379446398759
700,49,9.248142169599227
700,50,9.22124655999923
700,51,8.759084211198761
700,52,8.442993839998504
700,53,8.868437151998911
700,54,8.585585513598861
700,55,7.715310863998913
700,56,8.460922531198388
700,57,8.446749132798828
700,58,8.627982431998838
700,59,8.8684726879989
700,60,9.241873763199234
700,61,8.647538409598862
700,62,8.528506329598741
700,63,8.235870015998827
700,64,8.25272683839869
700,65,8.049165833598419
700,66,8.18471446399834
700,67,8.22122628799887
700,68,8.361774399998723
700,69,8.84964916479889
700,70,9.222585913599225
700,71,8.995771766398907
700,72,8.217684639998502
700,73,8.273783260798734
700,74,8.219250796798143
700,75,7.5577192447989265
700,76,8.432991017598386
700,77,8.718791849598599
700,78,8.574279302398764
700,79,8.882081798398936
700,80,9.515728735999566
700,81,8.432280297598627
700,82,7.950515849598697
700,83,8.525023881598745
700,84,9.107982380799072
700,85,8.03984784319871
700,86,8.744795843198684
700,87,8.711222627198797
700,88,8.314621391998376
700,89,8.712439855998984
700,90,9.3363295071992
700,91,9.022241158399062
700,92,8.979734630398923
700,93,9.215102851199216
700,94,9.725877542399694
700,95,9.051084092799105
700,96,8.834185321599026
700,97,8.870293599998853
700,98,8.886731494399356
700,99,9.622411839999131
800,0,9.323848678399372
800,1,9.298630764799306
800,2,9.259126841599318
800,3,8.46160543359867
800,4,8.612158511998782
800,5,8.634982220798776
800,6,9.356457705599272
800,7,9.695820166399649
800,8,8.646445878398655
800,9,9.044776291198868
800,10,9.048547529599066
800,11,8.373773027198549
800,12,7.950086844798678
800,13,8.103065590398504
800,14,7.883994700797879
800,15,6.203707792000792
800,16,7.031206927999865
800,17,999997.4336213486
800,18,7.898885385598778
800,19,8.225325791998337
800,20,8.773068915198834
800,21,8.350684406398752
800,22,8.821247964798534
800,23,7.635571635199097
800,24,7.341898988799489
800,25,6.060940153600829
800,26,8.427598067198417
800,27,7.664500515198888
800,28,7.813212662398693
800,29,8.93126721919905
800,30,9.148628172798986
800,31,8.158374057598447
800,32,7.746419017598749
800,33,8.446067087998603
800,34,7.4634930911989015
800,35,6.679165081600076
800,36,8.102221811198213
800,37,8.304100617598255
800,38,7.721579484798915
800,39,9.076389667199063
800,40,8.668202649598953
800,41,8.503391807998426
800,42,7.770706991998681
800,43,8.229577516798422
800,44,8.292660409598746
800,45,8.292278598398298
800,46,7.233648950399293
800,47,8.25051352959877
800,48,8.419134227198505
800,49,9.098463475199068
800,50,9.070228511999076
800,51,8.505571939198514
800,52,8.132921622398225
800,53,8.665698835198718
800,54,8.334127817598667
800,55,7.340053555199198
800,56,8.206410105598138
800,57,8.193648633598649
800,58,8.391669183998644
800,59,8.667448675198695
800,60,9.09344526079908
800,61,8.372452620798626
800,62,8.250598831998506
800,63,7.916136963198728
800,64,7.961871612798509
800,65,7.720305843198576
800,66,7.864962463998265
800,67,7.919494927998755
800,68,8.063596774398476
800,69,8.64987534399869
800,70,9.06633514879907
800,71,8.789782950398703
800,72,7.8890746879983915
800,73,7.963426111998564
800,74,7.910857132797998
800,75,7.145796739199236
800,76,8.109167331198105
800,77,8.465279577598352
800,78,8.297835855998503
800,79,8.659876879998723
800,80,9.414466614399462
800,81,8.112278259198334
800,82,7.530842796799017
800,83,8.257813766398499
800,84,8.960554031998921
800,85,7.702272687998886
800,86,8.489533302398431
800,87,8.455209971198542
800,88,7.981296246398081
800,89,8.454017263998796
800,90,9.184811382399044
800,91,8.820967107198857
800,92,8.777460425598715
800,93,9.064334841599063
800,94,9.677728883199642
800,95,8.891047215998949
800,96,8.623553241598827
800,97,8.66273305279864
800,98,8.682636806399223
800,99,9.558616940798963
900,0,9.215264371199268
900,1,9.188046150399195
900,2,9.144827615999212
900,3,8.228506719998471
900,4,8.387310636798581
900,5,8.417599532798583
900,6,9.256195737599171
900,7,9.647421468799596
900,8,8.443636060798458
900,9,8.897597980798718
900,10,8.88920714239891
900,11,8.1147779999983
900,12,7.6498376255989
900,13,7.817853782398554
900,14,7.515076012798142
900,15,5.640020768001252
900,16,6.611517929600208
900,17,999997.2317020339
900,18,7.603708220798996
900,19,7.96027664639816
900,20,8.564115603198637
900,21,8.084974521598511
900,22,8.616259302398333
900,23,7.278995705599376
900,24,6.948462092799801
900,25,5.53500656960125
900,26,8.22085913599821
900,27,7.347339132799129
900,28,7.5053558975989265
900,29,8.7746236287989
900,30,8.998110201598834
900,31,7.8757339199984076
900,32,7.414130204798992
900,33,8.212039721598405
900,34,7.0936649119991815
900,35,6.225793043200437
900,36,7.8416552671982345
900,37,8.048087961598
900,38,7.407811174399151
900,39,8.92183554559891
900,40,8.458570723198758
900,41,8.246629036798168
900,42,7.410844169598953
900,43,7.95988510719824
900,44,8.038488255998558
900,45,8.036015903998042
900,46,6.85624854719958
900,47,8.002663407998579
900,48,8.152674227198261
900,49,8.94894565759892
900,50,8.919460502398923
900,51,8.24500539519827
900,52,7.8179558879982265
900,53,8.464174745598513
900,54,8.08477746559847
900,55,6.961760249599486
900,56,7.9458435615979806
900,57,7.938940867198557
900,58,8.156106051198453
900,59,8.466424662398492
900,60,8.943427366398929
900,61,8.10549254399838
900,62,7.971780556798315
900,63,7.605029699198962
900,64,7.67624910399872
900,65,7.39662494399881
900,66,7.5573189151984845
900,67,7.61826364479898
900,68,7.7738842751985855
900,69,8.447101062398481
900,70,8.909387894398915
900,71,8.587758783998495
900,72,7.567144057598625
900,73,7.654979894398797
900,74,7.598962931198219
900,75,6.742374895999535
900,76,7.792844153598147
900,77,8.209766998398099
900,78,8.026125049598242
900,79,8.437207420798497
900,80,9.315097548799358
900,81,7.8008841343983635
900,82,7.124670959999322
900,83,7.9928539967982735
900,84,8.81053613759877
900,85,7.353696486399144
900,86,8.225966297598177
900,87,8.201697699198295
900,88,7.65097091839831
900,89,8.179914611198619
900,90,9.034882649598885
900,91,8.614978291198653
900,92,8.571471609598511
900,93,8.912816716798908
900,94,9.629562348799588
900,95,8.731010339198793
900,96,8.41120685759864
900,97,8.451421929598414
900,98,8.468969587199084
900,99,9.482427587198774
1000,0,9.106894351999163
1000,1,9.075854268799088
1000,2,9.03084992959911
1000,3,7.992050470398283
1000,4,8.17239236799838
1000,5,8.206967452798384
1000,6,9.156576633599066
1000,7,9.599755011199544
1000,8,8.239826089598257
1000,9,8.750169631998567
1000,10,8.730670495998758
1000,11,7.857033164798291
1000,12,7.346874163199128
1000,13,7.537695939198758
1000,14,7.138281865598416
1000,15,5.101210956801685
1000,16,6.1946148896005475
1000,17,999997.0277824115
1000,18,7.317085558399207
1000,19,7.691316262398352
1000,20,8.351983292798433
1000,21,7.821014905598564
1000,22,8.416985558398135
1000,23,6.93684964479964
1000,24,6.5601685376001075
1000,25,5.003447443201676
1000,26,8.016549087998008
1000,27,7.017569436799382
1000,28,7.203963951999152
1000,29,8.619676681598751
1000,30,8.847842268798683
1000,31,7.587218415998623
1000,32,7.0874133087992295
1000,33,7.972797513598247
1000,34,6.723872268799459
1000,35,5.7655271808008015
1000,36,7.584142380798415
1000,37,7.78852157119811
1000,38,7.087809993599391
1000,39,8.770567459198755
1000,40,8.244581107198556
1000,41,7.985062339197949
1000,42,7.05341001599922
1000,43,7.697907708798428
1000,44,7.7813871423986924
1000,45,7.772698937598175
1000,46,6.462310716799881
1000,47,7.754241708798758
1000,48,7.893929238398194
1000,49,8.800267116798764
1000,50,8.765656495998773
1000,51,7.988742700798033
1000,52,7.49652533439846
1000,53,8.264650963198314
1000,54,7.83060531199853
1000,55,6.5842525951997715
1000,56,7.690080943998161
1000,57,7.681375641598753
1000,58,7.923507414398376
1000,59,8.262186115198293
1000,60,8.794998863998774
1000,61,7.8385324671984
1000,62,7.694944499198516
1000,63,7.295583327999195
1000,64,7.370945919998948
1000,65,7.065836361599053
1000,66,7.248925251198704
1000,67,7.314889481599209
1000,68,7.476546140798805
1000,69,8.243362591998284
1000,70,8.754780147198758
1000,71,8.385484579198287
1000,72,7.233605052798869
1000,73,7.348015817599026
1000,74,7.281711315198448
1000,75,6.326951852799845
1000,76,7.4770210527983725
1000,77,7.949950569597939
1000,78,7.7491102399984
1000,79,8.213395235198288
1000,80,9.215228406399252
1000,81,7.493740662398583
1000,82,6.707123126399639
1000,83,7.7160179391984745
1000,84,8.661107481598613
1000,85,7.005763148799401
1000,86,7.970953795197979
1000,87,7.940881116798146
1000,88,7.328896857598537
1000,89,7.921420732798561
1000,90,8.885704031998728
1000,91,8.412204009598444
1000,92,8.369197404798303
1000,93,8.76001286399876
1000,94,9.581145775999534
1000,95,8.56834838079865
1000,96,8.198038857598444
1000,97,8.238718041598204
1000,98,8.27076835519895
1000,99,9.415882265598597
1100,0,8.996131199999056
1100,1,8.962912271998977
1100,2,8.916336415999005
1100,3,7.75370137919846
1100,4,7.957224060798255
1100,5,7.999085795198195
1100,6,9.05670749119896
1100,7,9.55108839999949
1100,8,8.030122662398057
1100,9,8.597151276798407
1100,10,8.566151017598603
1100,11,7.589823049598483
1100,12,7.043731948799354
1100,13,7.251984054398968
1100,14,6.773363791998678
1100,15,4.5544005600021285
1100,16,5.772318470400893
1100,17,999996.8228626354
1100,18,7.016604390399432
1100,19,7.412569273598555
1100,20,8.135279219198239
1100,21,7.547018646398765
1100,22,8.214961391997928
1100,23,6.590292268799906
1100,24,6.161338262400425
1100,25,4.449136108802124
1100,26,7.808774467198133
1100,27,6.698497123199624
1100,28,6.8917139615993905
1100,29,8.458693276798595
1100,30,8.695788531198538
1100,31,7.300006300798834
1100,32,6.751945711999477
1100,33,7.7334482687984245
1100,34,6.356079932799736
1100,35,5.302654326401173
1100,36,7.331880300798594
1100,37,7.53300899199829
1100,38,6.766237295999634
1100,39,8.620799603198606
1100,40,8.030734492798363
1100,41,7.729799798398129
1100,42,6.697618879999486
1100,43,7.436180348798615
1100,44,7.51989280319889
1100,45,7.518686588798355
1100,46,6.075695072000176
1100,47,7.5087489695989404
1100,48,7.635684326398377
1100,49,8.650588422398606
1100,50,8.612888179198613
1100,51,7.734230275198213
1100,52,7.1839527327986845
1100,53,8.060662454398116
1100,54,7.571003814398724
1100,55,6.208102384000058
1100,56,7.43481840319834
1100,57,7.4277750655989445
1100,58,7.68794428159855
1100,59,8.06116210239809
1100,60,8.648820707198627
1100,61,7.5625359007986015
1100,62,7.414375955198721
1100,63,6.971778374399441
1100,64,7.077519023999166
1100,65,6.738226563199292
1100,66,6.930173404798934
1100,67,7.009746959999436
1100,68,7.180529484799023
1100,69,8.040838348798076
1100,70,8.598779420798603
1100,71,8.180245878398086
1100,72,6.904745062399108
1100,73,7.033747430399262
1100,74,6.970817267198669
1100,75,5.910778908800158
1100,76,7.1511970591986085
1100,77,7.697438451198118
1100,78,7.471916678398597
1100,79,7.989440047998085
1100,80,9.114216323199148
1100,81,7.172988508798813
1100,82,6.288200188799959
1100,83,7.448307747198666
1100,84,8.511428787198454
1100,85,6.66754512959965
1100,86,7.714441062398159
1100,87,7.687118806398326
1100,88,6.993071327998776
1100,89,7.6472287039987705
1100,90,8.735436099198576
1100,91,8.209429727998234
1100,92,8.167673315198098
1100,93,8.609494892798608
1100,94,9.532997116799482
1100,95,8.409061619198496
1100,96,7.990157199998273
1100,97,8.030407379197989
1100,98,8.050636102398805
1100,99,9.342443334398418
1200,0,8.886546739198948
1200,1,8.853292060798868
1200,2,8.802715804798897
1200,3,7.525817507198625
1200,4,7.733376339198418
1200,5,7.783203337598352
1200,6,8.95669556159886
1200,7,9.502939740799437
1200,8,7.825062499198147
1200,9,8.449972966398256
1200,10,8.408614524798455
1200,11,7.330077907198667
1200,12,6.752126607999569
1200,13,6.966272169599178
1200,14,6.404195065598941
1200,15,4.013340617602565
1200,16,5.373845913601216
1200,17,999996.6226935899
1200,18,6.7245883487996485
1200,19,7.144108966398747
1200,20,7.925897331198169
1200,21,7.281558799998956
1200,22,8.011722998397733
1200,23,6.247324806400171
1200,24,5.78533169600072
1200,25,3.930453424002455
1200,26,7.6055360735982775
1200,27,6.378085241599866
1200,28,6.579124556799628
1200,29,8.302353350398448
1200,30,8.54352029119838
1200,31,7.01602659519904
1200,32,6.418763996799722
1200,33,7.504385705598591
1200,34,5.9882875968000135
1200,35,4.850782518401534
1200,36,7.07031360319878
1200,37,7.27824652799847
1200,38,6.45096875519987
1200,39,8.467495673598457
1200,40,7.8201024127984615
1200,41,7.474537257598309
1200,42,6.344078089599751
1200,43,7.167327430398811
1200,44,7.259327116799087
1200,45,7.263174009598535
1200,46,5.7071526208004535
1200,47,7.263256230399123
1200,48,7.371224633598568
1200,49,8.50182071999846
1200,50,8.461370054398458
1200,51,7.4749139231983985
1200,52,6.867486767998911
1200,53,7.856637980798155
1200,54,7.318796003198911
1200,55,5.839131571200339
1200,56,7.173251705598527
1200,57,7.176103295999135
1200,58,7.457345951998719
1200,59,7.859638012798128
1200,60,8.497302582398472
1200,61,7.2979868319987915
1200,62,7.137218572798924
1200,63,6.658010063999677
1200,64,6.792217839999375
1200,65,6.421189449599523
1200,66,6.620529548799154
1200,67,6.714319756799655
1200,68,6.894478185599232
1200,69,7.839564297598151
1200,70,8.44302873279845
1200,71,7.97897182719792
1200,72,6.579563932799343
1200,73,6.725801289599494
1200,74,6.660923372798889
1200,75,5.512482531200452
1200,76,6.837874342398833
1200,77,7.4434261023982975
1200,78,7.203366995198788
1200,79,7.772700009598238
1200,80,9.014597219199043
1200,81,6.864094767999033
1200,82,5.881778313600264
1200,83,7.182347823998858
1200,84,8.359160547198297
1200,85,6.3261483263999025
1200,86,7.455124710398345
1200,87,7.431356188798506
1200,88,6.672247459199003
1200,89,7.392717350398963
1200,90,8.585257327998416
1200,91,8.00344091199803
1200,92,7.965435075197962
1200,93,8.458226806398454
1200,94,9.48508062079943
1200,95,8.250167683198338
1200,96,7.777310739198427
1200,97,7.823846985598082
1200,98,7.849577411198884
1200,99,9.276898166398244
1300,0,8.778462508798846
1300,1,8.74063585279876
1300,2,8.688238041598794
1300,3,7.289004182398799
1300,4,7.52113699199857
1300,5,7.576500371198501
1300,6,8.856826419198754
1300,7,9.454773206399384
1300,8,7.620752451198291
1300,9,8.301544463998102
1300,10,8.250077878398304
1300,11,7.07283314879885
1300,12,6.443019651199803
1300,13,6.69077567999938
1300,14,6.023900380799216
1300,15,3.457779091202336
1300,16,4.958443104001556
1300,17,999996.4232746598
1300,18,6.440126655999858
1300,19,6.879399235198938
1300,20,7.717015519998319
1300,21,7.017099107199147
1300,22,7.811949177597852
1300,23,5.898374512000442
1300,24,5.391394723201032
1300,25,3.4001442752022313
1300,26,7.402726255998421
1300,27,6.0609238592001065
1300,28,6.280143619199852
1300,29,8.146102585598292
1300,30,8.392002166398225
1300,31,6.7215995455992585
1300,32,6.0924043903999605
1300,33,7.2658936127987666
1300,34,5.616959187200294
1300,35,4.401982243201889
1300,36,6.81655129279896
1300,37,7.018430099198656
1300,38,6.148255331200098
1300,39,8.3157275103983
1300,40,7.605934259198615
1300,41,7.2147208287984945
1300,42,5.982357747200022
1300,43,6.9050999935989985
1300,44,7.013227263999271
1300,45,7.002607465598721
1300,46,5.315715174400754
1300,47,7.022978332799301
1300,48,7.111979567998752
1300,49,8.353142179198304
1300,50,8.307316009598306
1300,51,7.217651075198579
1300,52,6.545306099199145
1300,53,7.657614275198295
1300,54,7.074053379199094
1300,55,5.459623609600625
1300,56,6.916989011198707
1300,57,6.91846656959933
1300,58,7.220889702398892
1300,59,7.6531491199982735
1300,60,8.349124118398318
1300,61,7.031187417598982
1300,62,6.862043407999123
1300,63,6.355367926399903
1300,64,6.4923261247996
1300,65,6.089150675199766
1300,66,6.311885846399374
1300,67,6.407034355199886
1300,68,6.594479004799454
1300,69,7.634825673598296
1300,70,8.289921215998298
1300,71,7.778697929598061
1300,72,6.248025235199586
1300,73,6.424069929599719
1300,74,6.340421257599119
1300,75,5.10068493760076
1300,76,6.523801510399058
1300,77,7.179859097598484
1300,78,6.924851955198988
1300,79,7.544887209598399
1300,80,8.913727923198934
1300,81,6.552700643199254
1300,82,5.465980748800581
1300,83,6.907262035199058
1300,84,8.21023196799814
1300,85,5.979965257600159
1300,86,7.200862323198525
1300,87,7.170539606398692
1300,88,6.346672860799231
1300,89,7.11197112639918
1300,90,8.43632874879826
1300,91,7.802416899198166
1300,92,7.764661100798103
1300,93,8.303172607998299
1300,94,9.436163971199374
1300,95,8.086505571198192
1300,96,7.56289254719858
1300,97,7.608142636798233
1300,98,7.636445804799045
1300,99,9.204709427198068
1400,0,8.669163836798742
1400,1,8.630337027198653
1400,2,8.576081910398688
1400,3,7.055798431998971
1400,4,7.304718492798724
1400,5,7.36736852159865
1400,6,8.758207468798652
1400,7,9.406856710399332
1400,8,7.413049331198439
1400,9,8.150276377597947
1400,10,8.087308668798155
1400,11,6.806373148799041
1400,12,6.146610384000025
1400,13,6.407724841599588
1400,14,5.655731807999479
1400,15,2.911468556802099
1400,16,4.550362480001889
1400,17,999996.219104999
1400,18,6.142806611200081
1400,19,6.6039027455991395
1400,20,7.5003114463984755
1400,21,6.741352579199349
1400,22,7.611675279997993
1400,23,5.558210668800702
1400,24,4.997297088001345
1400,25,2.862084579201999
1400,26,7.1967019039985685
1400,27,5.734868560000353
1400,28,5.969054444800089
1400,29,7.987619564798164
1400,30,8.237948121598073
1400,31,6.43422676799947
1400,32,5.7593299264002065
1400,33,7.024186985598946
1400,34,5.246380892800574
1400,35,3.9485384896021882
1400,36,6.56128875199914
1400,37,6.763417596798836
1400,38,5.826772009600342
1400,39,8.164709462398147
1400,40,7.392837759998769
1400,41,6.960958518398674
1400,42,5.624316265600289
1400,43,6.643372633599186
1400,44,6.760733878399461
1400,45,6.746844847998901
1400,46,4.934278620801044
1400,47,6.779092860799482
1400,48,6.854484771198935
1400,49,8.202713369598143
1400,50,8.156047923198152
1400,51,6.962138495998759
1400,52,6.233983689599369
1400,53,7.45312568959844
1400,54,6.823345798399281
1400,55,5.086759433600908
1400,56,6.660476278398887
1400,57,6.668402067199518
1400,58,6.987862489599062
1400,59,7.452375145598414
1400,60,8.198945347198158
1400,61,6.754940812799184
1400,62,6.585546764799325
1400,63,6.034384681600146
1400,64,6.200970822399816
1400,65,5.763291145600005
1400,66,5.993384038399603
1400,67,6.108535404800107
1400,68,6.303784441599668
1400,69,7.4330515455984365
1400,70,8.134420566398145
1400,71,7.572209036798206
1400,72,5.919165244799825
1400,73,6.115373673599952
1400,74,6.0295272095993395
1400,75,4.68726220160107
1400,76,6.1992277087992935
1400,77,6.926346825598664
1400,78,6.650569478399183
1400,79,7.321610636798557
1400,80,8.813215916798832
1400,81,6.231698451199484
1400,82,5.0480579648009
1400,83,6.6413021119992495
1400,84,8.06280361919799
1400,85,5.646426252800403
1400,86,6.945599782398705
1400,87,6.9162772191988715
1400,88,6.0150979839994685
1400,89,6.852048303999375
1400,90,8.28631085439811
1400,91,7.600142694398307
1400,92,7.564387203198243
1400,93,8.151154406398142
1400,94,9.38751523519932
1400,95,7.927665260798155
1400,96,7.353939235198729
1400,97,7.399831974398378
1400,98,7.432529654399201
1400,99,9.140164412797898
1500,0,8.561829721598642
1500,1,8.52018098879854
1500,2,8.464461606398586
1500,3,6.827986060799137
1500,4,7.083049615998885
1500,5,7.148985679998808
1500,6,8.65794550079855
1500,7,9.358207974399278
1500,8,7.207489091198584
1500,9,8.00084772159779
1500,10,7.927521830398125
1500,11,6.547128083199225
1500,12,5.852844073600242
1500,13,6.121923580799797
1500,14,5.287313196799742
1500,15,2.3614076608018593
1500,16,4.1613194528022035
1500,17,999996.0196860689
1500,18,5.850129830400299
1500,19,6.33810348479933
1500,20,7.291929711998625
1500,21,6.47639280959954
1500,22,7.405936502398138
1500,23,5.206278003200976
1500,24,4.612986057601648
1500,25,2.3546527648017888
1500,26,6.992713395198713
1500,27,5.416456985600594
1500,28,5.663698064000322
1500,29,7.8307259359982755
1500,30,8.086179958397917
1500,31,6.153497561599676
1500,32,5.4253980960004515
1500,33,6.7932671167991145
1500,34,4.882874745600848
1500,35,3.507203187202008
1500,36,6.300722207999326
1500,37,6.509155209599015
1500,38,5.507431568000581
1500,39,8.009655263997992
1500,40,7.181705603198919
1500,41,6.707196207998853
1500,42,5.264846268800559
1500,43,6.374269676799382
1500,44,6.511169452799649
1500,45,6.490832191999081
1500,46,4.562557385601326
1500,47,6.528313779199668
1500,48,6.589775039999126
1500,49,8.051195244797988
1500,50,8.005029875197998
1500,51,6.701071875198945
1500,52,5.920018108799595
1500,53,7.25235171519858
1500,54,6.581460633599461
1500,55,4.71378800640119
1500,56,6.400409811199073
1500,57,6.412944185599712
1500,58,6.754978278399235
1500,59,7.250350979198555
1500,60,8.045176876797996
1500,61,6.485730390399376
1500,62,6.304567519999531
1500,63,5.726599203200378
1500,64,5.915669638400025
1500,65,5.444503763200236
1500,66,5.685490451199823
1500,67,5.80637525440033
1500,68,6.015822211199879
1500,69,7.232277571198577
1500,70,7.980473772798032
1500,71,7.371185023998347
1500,72,5.59398411520006
1500,73,5.809088425600183
1500,74,5.7203834303995595
1500,75,4.289965977601363
1500,76,5.884904838399518
1500,77,6.673834707198843
1500,78,6.377858518399377
1500,79,7.099441254398712
1500,80,8.713096735998725
1500,81,5.924054902399703
1500,82,4.640135859201205
1500,83,6.3765030047994395
1500,84,7.913035763197989
1500,85,5.3021362400006575
1500,86,6.685283276798891
1500,87,6.662764947199051
1500,88,5.690773577599696
1500,89,6.576856121599585
1500,90,8.136632159997951
1500,91,7.394153878398452
1500,92,7.360148655998388
1500,93,8.000136358397988
1500,94,9.339098662399266
1500,95,7.768824950398267
1500,96,7.143093081598883
1500,97,7.1892709663985235
1500,98,7.219362511999365
1500,99,9.063474982397707
1600,0,8.45445985599854
1600,1,8.40652462719843
1600,2,8.349662303998478
1600,3,6.592958540799309
1600,4,6.8688099615990375
1600,5,6.945854751998956
1600,6,8.567327779198475
1600,7,9.309791401599224
1600,8,7.003929158398727
1600,9,7.852169180797892
1600,10,7.767734991998238
1600,11,6.289133209599409
1600,12,5.5471301888004705
1600,13,5.8436766688
1600,14,4.926271468800012
1600,15,1.998742720001699
1600,16,3.8211036992022525
1600,17,999995.8302686771
1600,18,5.565078684800508
1600,19,6.0711434079995215
1600,20,7.083047900798775
1600,21,6.211183001599731
1600,22,7.205912643198278
1600,23,4.867864428801235
1600,24,4.2399448448019506
1600,25,1.9987384320016337
1600,26,6.804905881598852
1600,27,5.0958131552008386
1600,28,5.3697891808005425
1600,29,7.674278758398386
1600,30,7.932661526397873
1600,31,5.8610708191998935
1600,32,5.099931392000689
1600,33,6.552667679999292
1600,34,4.519404777601127
1600,35,3.0532600000018117
1600,36,6.044209475199506
1600,37,6.247588511999202
1600,38,5.197645782400813
1600,39,7.861137599998079
1600,40,6.970287871999072
1600,41,6.447129740799039
1600,42,4.90187573440083
1600,43,6.112542316799569
1600,44,6.2566757599998395
1600,45,6.229515532799267
1600,46,4.171977305601628
1600,47,6.284785382399847
1600,48,6.33128008959931
1600,49,7.901266511998002
1600,50,7.851225868798097
1600,51,6.445559295999125
1600,52,5.599337670399828
1600,53,7.050827625598721
1600,54,6.327538518399652
1600,55,4.334530083201476
1600,56,6.144397155199253
1600,57,6.1591650719999045
1600,58,6.524987062399402
1600,59,7.0471125855987
1600,60,7.897498489598023
1600,61,6.217520121599568
1600,62,6.028731615999732
1600,63,5.416242054400612
1600,64,5.611116569600252
1600,65,5.11171487360048
1600,66,5.372846134400044
1600,67,5.505894086400555
1600,68,5.720395008000097
1600,69,7.027038870398722
1600,70,7.828616447998139
1600,71,7.168910819198488
1600,72,5.259945033600304
1600,73,5.498552524800415
1600,74,5.402381699199789
1600,75,3.8759180384015353
1600,76,5.570081891199743
1600,77,6.412268009599029
1600,78,6.098843401599576
1600,79,6.872128531198873
1600,80,8.613977708798622
1600,81,5.611660623999924
1600,82,4.221087795201523
1600,83,6.099256246399642
1600,84,7.7636071071980925
1600,85,4.956203209600914
1600,86,6.43177100479907
1600,87,6.399197942399238
1600,88,5.365449017599924
1600,89,6.313129526399786
1600,90,7.987203503997816
1600,91,7.192629788798593
1600,92,7.155874143998529
1600,93,7.844082006398097
1600,94,9.29018201279921
1600,95,7.605109212798385
1600,96,6.930175119999036
1600,97,6.976317039998674
1600,98,7.018053782399519
1600,99,8.997179699197531
1700,0,8.343482415998434
1700,1,8.29597576319832
1700,2,8.237756211198374
1700,3,6.3592527135994805
1700,4,6.65789230719919
1700,5,6.763798550399099
1700,6,8.492462476798451
1700,7,9.262124943999172
1700,8,6.795975999998876
1700,9,7.701651209597998
1700,10,7.604019254398356
1700,11,6.0214230175996
1700,12,5.252971267200691
1700,13,5.56239418880021
1700,14,4.650490476800229
1700,15,1.998742720001699
1700,16,3.606080966402141
1700,17,999995.6564072954
1700,18,5.269330156800728
1700,19,5.7938966495997235
1700,20,6.864164982398933
1700,21,5.936686665599932
1700,22,7.00238824639842
1700,23,4.565133987201474
1700,24,4.09655264640205
1700,25,1.9987384320016337
1700,26,6.584025228799042
1700,27,4.778901811201079
1700,28,5.057860515200779
1700,29,7.515992150398499
1700,30,7.778357443197982
1700,31,5.573269251200103
1700,32,4.762570739200938
1700,33,6.320105007999465
1700,34,4.220514502401368
1700,35,2.660323609601641
1700,36,5.712528847999761
1700,37,5.991575855999382
1700,38,4.882895408001052
1700,39,7.711869820798184
1700,40,6.757369910399225
1700,41,6.191867199999219
1700,42,4.547763152001092
1700,43,5.849814803199757
1700,44,6.002968147200033
1700,45,5.974681782399449
1700,46,3.7975773632016825
1700,47,6.041471488000028
1700,48,6.075035484799493
1700,49,7.753088047998105
1700,50,7.698707590398203
1700,51,6.190546793599305
1700,52,5.285514876800053
1700,53,6.845338886398866
1700,54,6.076509398399838
1700,55,3.963094422401713
1700,56,5.888134460799433
1700,57,5.910422262400093
1700,58,6.289209427199574
1700,59,6.84633861119884
1700,60,7.750070140798126
1700,61,5.946506233599766
1700,62,5.753145750399932
1700,63,5.101080979200852
1700,64,5.322422313600466
1700,65,4.784497900800718
1700,66,5.057344787200273
1700,67,5.206073657600778
1700,68,5.428950329600312
1700,69,6.826264895998863
1700,70,7.672562095998249
1700,71,6.962922003198633
1700,72,4.932085196800543
1700,73,5.190927708800645
1700,74,5.094238073600009
1700,75,3.4616202752013865
1700,76,5.248258511999978
1700,77,6.157255507199209
1700,78,5.822810655999772
1700,79,6.645851497599032
1700,80,8.512965625598518
1700,81,5.292908777600154
1700,82,3.8056653952016117
1700,83,5.833046284799833
1700,84,7.615428643198196
1700,85,4.6177351520011625
1700,86,6.17725857919925
1700,87,6.144935555199417
1700,88,5.029373449600163
1700,89,6.038937497599996
1700,90,7.835935417597922
1700,91,6.992605929598733
1700,92,6.952599785598671
1700,93,7.693313996798203
1700,94,9.241783315199157
1700,95,7.4470726431984975
1700,96,6.721043270399186
1700,97,6.76400576319882
1700,98,6.800421913599687
1700,99,8.921990499197346
