packet_id,source_node,created_at,received_at,delay
"(16, (0, 254))",16,67.10008210183042,67.10016320366084,8.11018304176514e-05
"((0, 1), (0, 254))",16,1847.1007315376266,1847.100812639457,8.110183034659713e-05
"(26, (0, 1))",26,363.1008110785406,363.10084286991656,3.179137598863235e-05
"(25, (0, 1))",25,77.10031016692191,77.10037302835258,6.28614306634745e-05
"((0, 254), (0, 1))",17,77.10045613018299,77.100475091904,1.89617210111237e-05
"((0, 254), (0, 1))",17,77.10045613018299,77.10053723201341,8.11018304176514e-05
"((1, 1), (1, 254))",26,288.10034992105057,,
"((1, 2), (1, 254))",25,77.10066767619598,77.10073053762665,6.28614306634745e-05
"((0, 1), (1, 2))",16,77.10060381476532,77.10066667619598,6.28614306634745e-05
"((1, 2), (0, 1))",25,253.10514667131065,253.1052095327413,6.286143064926364e-05
"((1, 2), (0, 1))",25,253.10514667131065,253.1052095327413,6.286143064926364e-05
"(35, (1, 254))",35,87.10061848901864,87.10069602470263,7.753568398527477e-05
"((1, 3), (1, 254))",35,307.1067525286737,,
"(27, (0, 254))",27,91.10006337319254,91.10012574638507,6.23731925344373e-05
"((0, 2), (0, 254))",27,1853.106862623612,1853.1069249968045,6.237319257706986e-05
"((0, 2), (0, 254))",27,1853.106862623612,1853.1069249968045,6.237319257706986e-05
"(34, (1, 254))",34,93.10062058666564,93.10070021999663,7.963333098359726e-05
"((1, 4), (1, 254))",34,308.10817953956274,,
"((0, 1), (1, 254))",16,1837.100246305491,1837.1003091669218,6.286143070610706e-05
"(36, (0, 2))",36,97.10059845927276,97.10066804132995,6.958205719342914e-05
"((0, 254), (0, 2))",17,97.10073241452248,97.10079478771502,6.23731925344373e-05
"(46, (1, 3))",46,97.10085623628565,97.1009359121847,7.967589904467332e-05
"((2, 1), (2, 254))",36,97.10100753388659,97.10107711594378,6.958205719342914e-05
"((1, 3), (0, 254))",16,97.10107930929934,97.10116041112975,8.11018304176514e-05
"((0, 2), (2, 1))",27,97.1009369518294,97.10100653388659,6.958205719342914e-05
"((2, 1), (0, 2))",36,1853.1067920415546,1853.1068616236118,6.958205722185085e-05
"((2, 1), (0, 2))",36,1853.1067920415546,1853.1068616236118,6.958205722185085e-05
"((0, 254), (1, 3))",25,97.10130737439083,97.10138491007481,7.753568398527477e-05
"((3, 1), (3, 254))",46,97.10162793777194,97.10170761367098,7.967589904467332e-05
"((1, 3), (3, 1))",35,97.1015472618729,97.10162693777194,7.967589904467332e-05
"((3, 1), (1, 3))",46,307.1066718527747,307.1067515286737,7.967589903046246e-05
"((3, 1), (1, 3))",46,307.1066718527747,307.1067515286737,7.967589903046246e-05
"(38, (0, 2))",38,141.10026659688577,141.10034207419395,7.547730817236697e-05
"(28, (0, 2))",28,101.10027356604726,101.10035601251693,8.244646966204527e-05
"(33, (1, 4))",33,103.10087161357778,103.10096037382796,8.87602501791207e-05
"((1, 4), (0, 254))",16,103.1011058685896,103.10118697042002,8.11018304176514e-05
"((0, 254), (1, 4))",25,103.10133393368109,103.10141356701207,7.963333098359726e-05
"((4, 1), (4, 254))",33,103.1016838477626,103.10177260801278,8.87602501791207e-05
"((1, 4), (4, 1))",34,103.10159408751242,103.1016828477626,8.87602501791207e-05
"((4, 1), (1, 4))",33,308.1080897793126,308.1081785395627,8.876025009385557e-05
"((4, 1), (1, 4))",33,308.1080897793126,308.10817853956274,8.8760250150699e-05
"(18, (0, 254))",18,106.10008615809632,106.10017131619263,8.515809631148841e-05
"((0, 3), (0, 254))",18,1851.100763503233,1851.100848661329,8.51580959988496e-05
"((0, 3), (0, 254))",18,1851.100763503233,1851.1008486613293,8.515809622622328e-05
"((1, 2), (1, 3))",25,227.10053995333467,227.10061748901867,7.753568399948563e-05
"((1, 2), (1, 4))",25,227.10053995333467,227.10061958666566,7.963333098359726e-05
"(56, (3, 254))",56,107.10154463575022,107.10162168552658,7.704977636535659e-05
"(57, (3, 254))",57,107.10155197572877,107.10163636548369,8.43897549174244e-05
"(55, (3, 254))",55,107.1015531907139,107.10163879545395,8.560474005037122e-05
"((3, 2), (3, 254))",56,1847.1017007353028,1847.101777785079,7.704977633693488e-05
"((3, 3), (3, 254))",57,1847.104718123156,1847.1047450799128,2.6956756755680544e-05
"((3, 3), (3, 254))",57,1847.104718123156,1847.104745079913,2.695675698305422e-05
"((3, 3), (3, 254))",57,1847.104718123156,1847.104802512911,8.438975487479183e-05
"((3, 3), (3, 254))",57,1847.104718123156,1847.104802512911,8.438975487479183e-05
"((3, 4), (3, 254))",55,1847.1043767534695,1847.1044623582095,8.560473997931695e-05
"((3, 4), (3, 254))",55,1847.1043767534695,1847.1044623582095,8.560473997931695e-05
"(26, (1, 254))",26,108.10027909686721,108.10031350895889,3.441209167931447e-05
"(28, (0, 3))",28,111.10027356604726,111.10033609024589,6.25241986256242e-05
"((0, 254), (0, 3))",17,111.1004232483422,111.10050840643851,8.515809631148841e-05
"((5, 1), (5, 254))",28,111.10069997903437,111.100762503233,6.25241986256242e-05
"((0, 3), (5, 1))",18,111.10063645483575,111.10069897903438,6.25241986256242e-05
"((5, 1), (0, 3))",28,1851.1006999790343,1851.100762503233,6.252419871088932e-05
"(15, (0, 1))",15,363.10074159472094,363.1007772871646,3.5692443645984895e-05
"(43, (4, 254))",43,113.10153329026981,113.10156125327738,2.7963007568132525e-05
"(32, (4, 254))",32,113.10157263697306,113.10163994668387,6.73097108148113e-05
"((4, 2), (4, 254))",43,1853.104132158194,1853.1041601212014,2.796300736918056e-05
"((4, 2), (4, 254))",43,1853.104132158194,1853.1041601212016,2.7963007596554235e-05
"((4, 3), (4, 254))",32,1853.106505376663,1853.106572686374,6.730971085744386e-05
"((4, 3), (4, 254))",32,1853.106505376663,1853.106572686374,6.730971085744386e-05
"(8, (0, 3))",8,156.10029612710878,156.10033277992864,3.665281985831825e-05
"((1, 3), (1, 4))",35,297.1007755603866,297.10081835170575,4.279131917428458e-05
"((1, 3), (2, 254))",35,297.1007755603866,297.10085936399736,8.380361077797716e-05
"((1, 3), (3, 254))",35,297.1007755603866,297.1008552362856,7.967589903046246e-05
"(65, (3, 4))",65,117.1017568078521,117.10180786099774,5.1053145639912145e-05
"(47, (3, 3))",47,147.1017840433403,147.101844331442,6.028810170732868e-05
"(67, (3, 3))",67,117.10180709546943,117.10189043570026,8.334023083023112e-05
"((3, 4), (0, 254))",16,117.10211853875147,117.10219964058189,8.11018304176514e-05
"((3, 3), (0, 254))",16,117.10219989846885,117.10223489604103,3.4997572171846514e-05
"((3, 3), (0, 254))",16,117.10219989846885,117.10228100029927,8.11018304176514e-05
"((0, 254), (3, 4))",46,117.10250581542599,117.10259142016604,8.560474005037122e-05
"((0, 254), (3, 3))",46,117.10258717514337,117.10262546064004,3.828549667161951e-05
"((0, 254), (3, 3))",46,117.10258717514337,117.10267156489829,8.43897549174244e-05
"((6, 1), (6, 254))",65,117.10274857960295,117.10279963274859,5.1053145639912145e-05
"((7, 1), (7, 254))",47,117.10268774874174,117.10274803684345,6.028810170732868e-05
"((3, 4), (6, 1))",55,117.10269652645731,117.10274757960295,5.1053145639912145e-05
"((7, 2), (7, 254))",67,117.10287948133252,117.10296282156335,8.334023083023112e-05
"((6, 1), (3, 4))",65,1847.1043247003238,1847.1043757534694,5.105314562570129e-05
"((6, 1), (3, 4))",65,1847.1043247003238,1847.1043757534694,5.105314562570129e-05
"((3, 3), (7, 2))",57,117.1027951411017,117.10287848133252,8.334023083023112e-05
"((7, 2), (3, 3))",67,1847.1046337829252,1847.1046596901579,2.590723261164385e-05
"((7, 2), (3, 3))",67,1847.1046337829252,1847.104659690158,2.5907232839017524e-05
"((7, 2), (3, 3))",67,1847.1046337829252,1847.104717123156,8.334023073075514e-05
"((7, 2), (3, 3))",67,1847.1046337829252,1847.104717123156,8.334023073075514e-05
"((0, 2), (2, 254))",27,1831.1001901195775,1831.1002597016347,6.958205722185085e-05
"((0, 2), (5, 254))",27,1831.1001901195775,1831.1002725660471,8.244646960520186e-05
"(9, (0, 3))",9,161.10034267745,161.10042588061103,8.320316104004633e-05
"((1, 4), (1, 3))",34,303.1007818533276,303.10082464464676,4.279131917428458e-05
"((1, 4), (4, 254))",34,303.1007818533276,303.10087061357774,8.8760250150699e-05
"(53, (4, 2))",53,123.1016816066914,123.10177099709786,8.939040645827845e-05
"((4, 2), (0, 254))",16,123.10203521511724,123.10211631694766,8.11018304176514e-05
"(31, (4, 3))",31,153.10177523832348,153.10184022025229,6.498192880144416e-05
"(23, (4, 3))",23,123.10179173552987,123.10187321466506,8.147913518996575e-05
"((4, 3), (0, 254))",16,123.10217677938769,123.10222488680533,4.810741764060822e-05
"((4, 3), (0, 254))",16,123.10217677938769,123.10225788121811,8.11018304176514e-05
"((0, 254), (4, 2))",33,123.10243367378989,123.10246163679746,2.7963007568132525e-05
"((0, 254), (4, 3))",33,123.10257523806034,123.10260955335838,3.4315298037768116e-05
"((0, 254), (4, 3))",33,123.10257523806034,123.10264254777115,6.73097108148113e-05
"((8, 1), (8, 254))",53,123.10273380801682,123.10282319842328,8.939040645827845e-05
"((4, 2), (8, 1))",43,123.10264341761037,123.10273280801682,8.939040645827845e-05
"((9, 1), (9, 254))",31,123.10267653528717,123.10274151721597,6.498192880144416e-05
"((9, 2), (9, 254))",23,123.10285799076394,123.10293946989913,8.147913518996575e-05
"((8, 1), (4, 2))",53,1853.1040417677875,1853.1041311581937,8.939040617406135e-05
"((8, 1), (4, 2))",53,1853.1040417677875,1853.104131158194,8.939040640143503e-05
"((4, 3), (9, 2))",32,123.10277551162875,123.10285699076394,8.147913518996575e-05
"((9, 2), (4, 3))",23,1853.1064228975279,1853.10642837779,5.480262188939378e-06
"((9, 2), (4, 3))",23,1853.1064228975279,1853.1064283777903,5.480262416313053e-06
"((9, 2), (4, 3))",23,1853.1064228975279,1853.106504376663,8.147913513312233e-05
"((9, 2), (4, 3))",23,1853.1064228975279,1853.106504376663,8.147913513312233e-05
"((0, 1), (1, 1))",16,307.1002463054912,307.1002780968672,3.179137598863235e-05
"((2, 1), (1, 1))",36,307.1008663697722,307.10095494576495,8.857599277689587e-05
"((2, 1), (1, 3))",36,307.1008663697722,307.10095017338296,8.380361077797716e-05
"((2, 1), (3, 254))",36,1837.1008663697721,1837.1009365723241,7.020255202405679e-05
"((3, 1), (2, 254))",46,1837.1014665859739,1837.101536788526,7.020255202405679e-05
"((3, 1), (3, 2))",46,1837.1014665859739,1837.1015436357502,7.704977633693488e-05
"((3, 1), (3, 3))",46,1837.1014665859739,1837.1015509757287,8.438975487479183e-05
"((3, 1), (3, 4))",46,1837.1014665859739,1837.1015521907138,8.560473997931695e-05
"(75, (6, 254))",75,127.10271849175535,127.10279151019904,7.301844368612365e-05
"(58, (7, 254))",58,127.10278836486884,127.10286492886682,7.656399797895119e-05
"(77, (7, 254))",77,127.10279813468792,127.10288446850497,8.633381705180909e-05
"((6, 2), (6, 254))",75,1847.1042506818799,1847.1043237003237,7.301844379981048e-05
"((6, 2), (6, 254))",75,1847.1042506818799,1847.1043237003237,7.301844379981048e-05
"((7, 3), (7, 254))",58,1847.1044987859293,1847.104575349927,7.656399770894495e-05
"((7, 3), (7, 254))",58,1847.1044987859293,1847.1045753499272,7.656399793631863e-05
"((7, 4), (7, 254))",77,1847.104546449108,1847.1046327829251,8.63338170802308e-05
"((7, 4), (7, 254))",77,1847.104546449108,1847.1046327829251,8.63338170802308e-05
"(64, (3, 4))",64,169.10180181309065,169.10187622598727,7.44128966232438e-05
"(29, (5, 254))",29,132.10063865099258,132.100703371348,6.472035542515187e-05
"((5, 2), (5, 254))",29,1847.1014912308603,1847.1015559512155,6.472035511251306e-05
"((5, 2), (5, 254))",29,1847.1014912308603,1847.1015559512157,6.472035533988674e-05
"(24, (1, 254))",24,133.10059920152906,133.10065744972346,5.824819439226303e-05
"((1, 5), (1, 254))",24,283.10071769791784,,
"((4, 1), (4, 2))",33,1843.101504327262,1843.1015322902697,2.7963007596554235e-05
"((4, 1), (4, 3))",33,1843.101504327262,1843.101571636973,6.730971085744386e-05
"(66, (3, 4))",66,173.10175529996113,173.10182529283043,6.999286929953996e-05
"(63, (8, 254))",63,133.1025956675259,133.10263730784786,4.1640321967406635e-05
"((8, 2), (8, 254))",63,1853.1039991274654,1853.1040407677872,4.164032179687638e-05
"((8, 2), (8, 254))",63,1853.1039991274654,1853.1040407677874,4.1640322024250054e-05
"(13, (9, 254))",13,133.10274609265946,133.10279815282536,5.206016589909268e-05
"(12, (9, 254))",12,133.10276972069337,133.1028454088932,7.568819981429442e-05
"((9, 3), (9, 254))",13,1853.104410734385,1853.104462794551,5.206016589909268e-05
"((9, 3), (9, 254))",13,1853.104410734385,1853.104462794551,5.206016589909268e-05
"((9, 4), (9, 254))",12,1853.106346209328,1853.1064218975278,7.568819978587271e-05
"((9, 4), (9, 254))",12,1853.106346209328,1853.1064218975278,7.568819978587271e-05
"((0, 3), (5, 254))",18,1846.100258474289,1846.1003209984876,6.252419871088932e-05
"(37, (0, 2))",37,177.10024148323882,177.1002918469,5.0363661188157494e-05
"((1, 2), (1, 1))",25,227.10053995333467,227.10057436542635,3.441209167931447e-05
"((1, 2), (1, 5))",25,227.10053995333467,227.10059820152907,5.824819439226303e-05
"((3, 2), (3, 4))",56,1847.1017007353028,1847.1017392108504,3.847554762614891e-05
"((3, 2), (3, 3))",56,1847.1017007353028,1847.1017678677026,6.713239986311237e-05
"((3, 2), (6, 254))",56,1847.1017007353028,1847.101755807852,5.5072549230317236e-05
"((3, 3), (3, 2))",57,1847.1017227552386,1847.1017898876385,6.713239986311237e-05
"((3, 3), (7, 254))",57,1847.1017227552386,1847.1018060954693,8.334023073075514e-05
"((3, 4), (3, 2))",55,1847.101726400194,1847.1017648757415,3.847554762614891e-05
"((3, 4), (6, 254))",55,1847.101726400194,1847.1017774533395,5.105314562570129e-05
"(85, (6, 2))",85,167.10290956112098,167.10295159359924,4.203247826239931e-05
"(84, (6, 2))",84,167.10292186487612,167.1029762011095,5.433623337580684e-05
"(74, (6, 2))",74,137.10293212512613,137.10299672160954,6.459648341206048e-05
"((6, 2), (0, 254))",16,137.10343347095264,137.10346944477274,3.5973820104118204e-05
"((6, 2), (0, 254))",16,137.10343347095264,137.103494052283,6.058133035935498e-05
"((6, 2), (0, 254))",16,137.10343347095264,137.10351457278304,8.110183040344054e-05
"(59, (7, 3))",59,167.10300188139607,167.10305926992734,5.7388531274682464e-05
"(68, (7, 3))",68,167.1030109466618,167.10307740045883,6.645379701808452e-05
"(69, (7, 3))",69,137.10302688745136,137.10310928203793,8.239458657044452e-05
"(78, (7, 4))",78,167.10304159905928,167.10310939579654,6.77967372553212e-05
"(88, (7, 4))",88,137.10305069632645,137.10312759033087,7.689400442245642e-05
"((7, 3), (0, 254))",16,137.10358064903537,137.10361173875518,3.108971981191644e-05
"((7, 3), (0, 254))",16,137.10358064903537,137.10362986928666,4.922025129872054e-05
"((7, 3), (0, 254))",16,137.10358064903537,137.10366175086577,8.110183040344054e-05
"((7, 4), (0, 254))",16,137.1036087271474,137.10367163444346,6.290729606917012e-05
"((7, 4), (0, 254))",16,137.1036087271474,137.1036898289778,8.110183040344054e-05
"((0, 254), (6, 2))",65,137.10395940551285,137.10398729594624,2.7890433386801305e-05
"((0, 254), (6, 2))",65,137.10395940551285,137.1040119034565,5.249794364203808e-05
"((0, 254), (6, 2))",65,137.10395940551285,137.10403242395654,7.301844368612365e-05
"((0, 254), (7, 3))",67,137.10413765569564,137.104164207583,2.6551887373216232e-05
"((0, 254), (7, 3))",67,137.10413765569564,137.1041823381145,4.4682418860020334e-05
"((0, 254), (7, 3))",67,137.10413765569564,137.1042142196936,7.656399796474034e-05
"((0, 254), (7, 4))",67,137.10416573380766,137.10423387309038,6.813928271753866e-05
"((0, 254), (7, 4))",67,137.10416573380766,137.1042520676247,8.633381705180909e-05
"((10, 1), (10, 254))",85,1848.1030832342437,1848.1031690708053,8.58365615385992e-05
"((10, 2), (10, 254))",84,1848.1030284976546,1848.103080814044,5.2316389428597176e-05
"((10, 3), (10, 254))",74,137.10418508539647,137.10424968187988,6.459648341206048e-05
"((6, 2), (10, 3))",75,137.10411948891306,137.10418408539647,6.459648341206048e-05
"((10, 3), (6, 2))",74,1847.1041850853965,1847.1042496818798,6.459648329837364e-05
"((11, 1), (11, 254))",59,1848.1030949959365,1848.103140553207,4.555727036859025e-05
"((11, 2), (11, 254))",68,1848.1031185565766,1848.1031713615341,5.2804957476837444e-05
"((11, 3), (11, 254))",69,137.1044153913427,137.10449778592928,8.239458657044452e-05
"((12, 1), (12, 254))",78,1848.1031860952733,1848.1032573433804,7.124810713321494e-05
"((12, 2), (12, 254))",88,137.10446855510364,137.10454544910806,7.689400442245642e-05
"((7, 3), (11, 3))",58,137.10433199675614,137.10441439134271,8.239458657044452e-05
"((7, 4), (12, 2))",77,137.10439066109922,137.10446755510364,7.689400442245642e-05
"((11, 3), (7, 3))",69,1847.1044153913426,1847.1044977859292,8.239458657044452e-05
"((12, 2), (7, 4))",88,1847.1044685551035,1847.104545449108,7.689400445087813e-05
"((1, 1), (0, 1))",26,288.10034992105057,288.10038171242655,3.179137598863235e-05
"((1, 1), (2, 254))",26,288.10034992105057,288.10043849704334,8.857599277689587e-05
"((5, 1), (0, 2))",28,1851.100572930637,1851.1006553771067,8.244646960520186e-05
"((5, 1), (5, 2))",28,1851.100572930637,1851.1006376509924,6.472035533988674e-05
"(44, (1, 4))",44,182.10082887796102,182.10087892120094,5.004323992352511e-05
"(19, (0, 3))",19,183.1003076760603,183.10035587783167,4.82017713636651e-05
"((4, 2), (4, 3))",43,1853.1015912162848,1853.1016803903194,8.917403465602547e-05
"((4, 2), (8, 254))",43,1853.1015912162848,1853.1016806066912,8.939040640143503e-05
"((4, 3), (4, 2))",32,1853.1017092563945,1853.1017984304292,8.917403465602547e-05
"((4, 3), (9, 254))",32,1853.1017092563945,1853.1017907355297,8.147913513312233e-05
"(62, (8, 2))",62,173.1027292385249,173.10277652887996,4.7290355070117585e-05
"(73, (8, 2))",73,143.10274717252707,143.10281239688433,6.52243572574207e-05
"((8, 2), (0, 254))",16,143.10320964563212,143.10325487945815,4.52338260288343e-05
"((8, 2), (0, 254))",16,143.10320964563212,143.10329074746252,8.110183040344054e-05
"(3, (9, 4))",3,173.10290722914658,173.10298121260195,7.398345536557827e-05
"(4, (9, 3))",4,143.10293856460552,143.1030239162198,8.535161427403182e-05
"((9, 4), (0, 254))",16,143.1035168313589,143.10352504648998,8.215131089173155e-06
"((9, 4), (0, 254))",16,143.1035168313589,143.1035979331893,8.110183040344054e-05
"(11, (9, 4))",11,143.10298909819713,143.10305409930126,6.500110413298898e-05
"((9, 3), (0, 254))",16,143.1034630202435,143.1035441220739,8.110183040344054e-05
"((0, 254), (8, 2))",53,143.10372745771875,143.10373323003634,5.772317592800391e-06
"((0, 254), (8, 2))",53,143.10372745771875,143.10376909804071,4.1640321967406635e-05
"((0, 254), (9, 4))",23,143.1040660788775,143.104068880378,2.801500500027032e-06
"((0, 254), (9, 4))",23,143.1040660788775,143.10414176707732,7.568819981429442e-05
"((0, 254), (9, 3))",23,143.10401226776213,143.10406432792803,5.206016589909268e-05
"((13, 1), (13, 254))",62,1834.1044439080504,1834.1044930868434,4.917879300592176e-05
"((13, 1), (13, 254))",62,1834.1044439080504,1834.1044930868436,4.917879323329544e-05
"((13, 2), (13, 254))",73,143.1039329031081,143.10399812746536,6.52243572574207e-05
"((8, 2), (13, 2))",63,143.10386667875085,143.1039319031081,6.52243572574207e-05
"((13, 2), (8, 2))",73,1853.103932903108,1853.1039981274653,6.522435728584242e-05
"((14, 2), (14, 254))",11,143.1042678836904,143.10433288479453,6.500110413298898e-05
"((14, 1), (14, 254))",3,143.10414486383337,143.10421884728873,7.398345536557827e-05
"((15, 1), (15, 254))",4,143.10432438277084,143.10440973438511,8.535161427403182e-05
"((9, 4), (14, 2))",12,143.10420188258627,143.1042668836904,6.500110413298898e-05
"((9, 3), (15, 1))",13,143.10423803115657,143.10432338277084,8.535161427403182e-05
"((14, 2), (9, 4))",11,1853.1062802082238,1853.1063452093279,6.500110407614557e-05
"((14, 2), (9, 4))",11,1853.1062802082238,1853.1063452093279,6.500110407614557e-05
"((15, 1), (9, 3))",4,1853.1043243827708,1853.104409734385,8.535161418876669e-05
"(54, (8, 254))",54,145.10258586527092,145.10261770333793,3.1838067002354364e-05
"((8, 3), (8, 254))",54,1832.1022195313806,1832.1022513694472,3.183806666129385e-05
"((8, 3), (8, 254))",54,1832.1022195313806,1832.1022513694475,3.183806688866753e-05
"((6, 1), (3, 2))",65,1827.1026444733116,1827.1026995458608,5.5072549230317236e-05
"((6, 1), (6, 2))",65,1827.1026444733116,1827.1027174917554,7.301844379981048e-05
"((7, 2), (7, 3))",67,1827.1027108008707,1827.1027873648686,7.656399793631863e-05
"((7, 2), (7, 4))",67,1827.1027108008707,1827.1027971346878,8.63338170802308e-05
"(83, (13, 254))",83,147.10413913564744,147.10422072148842,8.158584097373023e-05
"((13, 3), (13, 254))",83,1848.105947757123,1848.106029342964,8.158584091688681e-05
"((13, 3), (13, 254))",83,1848.105947757123,1848.106029342964,8.158584091688681e-05
"(98, (12, 254))",98,147.10440064049018,147.10448751388557,8.687339538937522e-05
"((12, 3), (12, 254))",98,1837.1062490215722,1837.1063358949673,8.68733950483147e-05
"((12, 3), (12, 254))",98,1837.1062490215722,1837.1063358949675,8.687339527568838e-05
"(38, (5, 254))",38,151.10026659688577,151.1003482220668,8.162518102494687e-05
"((5, 3), (5, 254))",38,1837.1025620423509,1837.1026436675318,8.162518088283832e-05
"((5, 3), (5, 254))",38,1837.1025620423509,1837.102643667532,8.1625181110212e-05
"(45, (1, 4))",45,191.10083357179624,191.1009206448477,8.707305144639577e-05
"((1, 4), (1, 5))",34,303.1007818533276,303.10085926991235,7.741658475879376e-05
"((8, 1), (8, 2))",53,1833.1025530272038,1833.1025946675259,4.1640322024250054e-05
"((8, 1), (8, 3))",53,1833.1025530272038,1833.1025848652707,3.183806688866753e-05
"((9, 2), (1, 5))",23,303.10269303249356,303.10276392904785,7.089655429126651e-05
"((9, 2), (9, 3))",23,1833.1026930324936,1833.1027450926595,5.206016589909268e-05
"((9, 2), (9, 4))",23,1833.1026930324936,1833.1027687206933,7.568819978587271e-05
"(21, (14, 254))",21,153.1042036829635,153.10427048444484,6.680148135274067e-05
"(5, (15, 254))",5,153.1042130539345,153.1042734283267,6.037439220563101e-05
"((15, 2), (15, 254))",5,1833.1043358027189,1833.104396177111,6.037439220563101e-05
"((14, 3), (14, 254))",21,1853.1051843754485,1853.1052511769296,6.680148112536699e-05
"((14, 3), (14, 254))",21,1853.1051843754485,1853.1052511769299,6.680148135274067e-05
"(31, (14, 3))",31,154.10177523832348,154.10186105096005,8.581263656992633e-05
"((14, 3), (0, 254))",16,154.10245758560316,154.10253868743357,8.110183040344054e-05
"((0, 254), (14, 3))",11,154.10314952242572,154.10321632390708,6.680148135274067e-05
"((16, 1), (16, 254))",31,154.10347776181678,154.10356357445335,8.581263656992633e-05
"((14, 3), (16, 1))",21,154.1033909491802,154.10347676181678,8.581263656992633e-05
"((16, 1), (14, 3))",31,1853.1050975628118,1853.1051833754482,8.581263637097436e-05
"((16, 1), (14, 3))",31,1853.1050975628118,1853.1051833754484,8.581263659834804e-05
"(47, (5, 3))",47,157.1017840433403,157.10184629267857,6.224933827070345e-05
"((5, 3), (0, 254))",27,157.10201336432925,157.10207573752177,6.237319252022644e-05
"((0, 254), (5, 3))",28,157.1022264198167,157.10230804499773,8.162518102494687e-05
"((17, 1), (17, 254))",47,157.10249879301253,157.1025610423508,6.224933827070345e-05
"((5, 3), (17, 1))",38,157.10243554367426,157.10249779301253,6.224933827070345e-05
"((17, 1), (5, 3))",47,1837.1024987930125,1837.1025610423508,6.224933827070345e-05
"((6, 2), (10, 254))",75,1837.1028665286426,1837.102931125126,6.459648329837364e-05
"((7, 3), (11, 254))",58,1837.1029434928646,1837.1030258874512,8.239458657044452e-05
"((7, 4), (12, 254))",77,1837.102972802322,1837.1030496963265,7.689400445087813e-05
"(99, (12, 3))",99,157.10461249098057,157.1046475946802,3.510369961645665e-05
"((12, 3), (0, 254))",16,157.1052944988965,157.10537560072692,8.110183040344054e-05
"((0, 254), (12, 3))",88,157.10601673337825,157.10610360677364,8.687339538937522e-05
"((18, 1), (18, 254))",99,157.10621291787248,157.1062480215721,3.510369961645665e-05
"((12, 3), (18, 1))",98,157.10617681417287,157.10621191787249,3.510369961645665e-05
"((18, 1), (12, 3))",99,1837.1062129178724,1837.1062480215721,3.510369970172178e-05
"(15, (1, 254))",15,162.1002829979349,162.100353473868,7.047593311426681e-05
"((1, 6), (1, 254))",15,312.1004259498011,,
"((1, 5), (1, 4))",24,283.10071769791784,283.1007951145026,7.741658475879376e-05
"((1, 5), (9, 254))",24,283.10071769791784,283.10078859447214,7.089655429126651e-05
"((1, 5), (1, 6))",24,283.10071769791784,283.1008072117799,8.951386206490497e-05
"((8, 2), (13, 254))",63,1843.1026809481698,1843.102746172527,6.522435728584242e-05
"((8, 2), (8, 3))",63,1843.1026809481698,1843.1027502475943,6.92994244673173e-05
"(40, (16, 254))",40,163.1027452803317,163.10281302537624,6.774504453233021e-05
"((9, 3), (9, 4))",13,1843.1028522129911,1843.1029076446255,5.5431634336855495e-05
"((9, 3), (15, 254))",13,1843.1028522129911,1843.1029375646053,8.535161418876669e-05
"((16, 2), (16, 254))",40,1853.105028817767,1853.1050965628115,6.774504436179996e-05
"((16, 2), (16, 254))",40,1853.105028817767,1853.1050965628117,6.774504458917363e-05
"((9, 4), (9, 3))",12,1843.1029230970928,1843.1029785287271,5.5431634336855495e-05
"((9, 4), (14, 254))",12,1843.1029230970928,1843.1029880981969,6.500110407614557e-05
"(10, (14, 254))",10,163.1042221923196,163.1043075031571,8.531083747698176e-05
"(6, (1, 6))",6,163.10437627231258,163.10444781023193,7.153791935365916e-05
"((14, 4), (14, 254))",10,1853.1061938973862,1853.1062032093507,9.311964504377102e-06
"((14, 4), (14, 254))",10,1853.1061938973862,1853.106203209351,9.311964731750777e-06
"((14, 4), (14, 254))",10,1853.1061938973862,1853.1062792082237,8.531083744856005e-05
"((14, 4), (14, 254))",10,1853.1061938973862,1853.1062792082237,8.531083744856005e-05
"((1, 6), (0, 254))",16,163.1045841475957,163.1046652494261,8.110183040344054e-05
"((0, 254), (1, 6))",16,163.1047483512565,163.10478404370014,3.5692443645984895e-05
"((19, 1), (19, 254))",6,163.1050026574582,163.10507419537754,7.153791935365916e-05
"((1, 6), (19, 1))",15,163.10493011953884,163.1050016574582,7.153791935365916e-05
"((19, 1), (1, 6))",6,283.10500265745816,283.10507419537754,7.153791938208087e-05
"(41, (16, 254))",41,164.10336986038905,164.10343458423446,6.472384541211795e-05
"((16, 3), (16, 254))",41,1844.1035013080798,1844.1035660319253,6.472384552580479e-05
"(20, (14, 254))",20,166.10421302497397,166.1042891684658,7.614349183882041e-05
"((14, 5), (14, 254))",20,1846.1043673119575,1846.1044434554494,7.614349192408554e-05
"(97, (12, 254))",97,166.10437076787696,166.10442776865912,5.7000782163640906e-05
"((12, 4), (12, 254))",97,1846.104486769441,1846.1045437702232,5.70007821352192e-05
"((1, 2), (1, 6))",25,227.10053995333467,227.1006104292678,7.047593311426681e-05
"((3, 3), (17, 254))",57,1847.1017227552386,1847.1017830433402,6.028810162206355e-05
"(87, (7, 4))",87,207.10304378744,207.10311377255795,6.998511796041385e-05
"((10, 3), (13, 254))",74,1847.1040538924296,1847.1041318250382,7.793260851940431e-05
"((10, 3), (13, 3))",74,1847.1040538924296,1847.1041381356474,8.42432177705632e-05
"((12, 2), (12, 3))",88,1847.1043127670946,1847.1043996404899,8.687339527568838e-05
"((12, 2), (12, 4))",88,1847.1043127670946,1847.1043697678767,5.70007821352192e-05
"((1, 1), (1, 6))",26,288.10034992105057,288.1004139291474,6.400809684237174e-05
"(85, (10, 254))",85,168.10290956112098,168.10299539768246,8.583656148175578e-05
"(84, (10, 254))",84,168.1029218648761,168.10297418126544,5.231638934333205e-05
"(59, (11, 254))",59,168.10300188139607,168.10304743866635,4.5557270283325124e-05
"(68, (11, 254))",68,168.1030109466618,168.10306375161923,5.2804957419994025e-05
"(78, (12, 254))",78,168.10304159905928,168.1031128471663,7.12481070195281e-05
"(93, (13, 3))",93,168.1043691620362,168.104433016743,6.385470680925209e-05
"((13, 3), (0, 254))",16,168.10497907568902,168.10506017751942,8.110183040344054e-05
"((0, 254), (13, 3))",73,168.10560575245486,168.10568733829584,8.158584097373023e-05
"((20, 1), (20, 254))",93,168.10588290241625,168.10594675712306,6.385470680925209e-05
"((13, 3), (20, 1))",83,168.10581804770945,168.10588190241626,6.385470680925209e-05
"((20, 1), (13, 3))",93,1848.1058829024162,1848.1059467571229,6.385470669556526e-05
"(42, (4, 254))",42,170.1015874810875,170.10166963491275,8.215382524667802e-05
"((4, 4), (4, 254))",42,1850.1017537887378,1850.101835942563,8.215382513299119e-05
"((5, 1), (5, 3))",28,1851.100572930637,1851.1006545558182,8.1625181110212e-05
"((4, 2), (4, 4))",43,1853.1015912162848,1853.1016573452735,6.612898869207129e-05
"((4, 3), (16, 254))",32,1853.1017092563945,1853.1017742383233,6.498192874460074e-05
"((4, 3), (4, 4))",32,1853.1017092563945,1853.1017856821115,7.642571699761902e-05
"(50, (16, 2))",50,173.1029627135936,173.10304165676644,7.894317283785313e-05
"((16, 2), (0, 254))",16,173.10379374909064,173.10387485092104,8.110183040344054e-05
"((13, 2), (10, 254))",73,1853.1038004543934,1853.103878387002,7.793260851940431e-05
"((13, 2), (13, 3))",73,1853.1038004543934,1853.1038820402343,8.158584091688681e-05
"((0, 254), (16, 2))",31,173.10464030003112,173.10470804507565,6.774504453233021e-05
"((14, 2), (14, 3))",11,1853.104135881482,1853.1042026829634,6.680148135274067e-05
"((14, 2), (14, 4))",11,1853.104135881482,1853.1042211923195,8.531083744856005e-05
"((14, 2), (14, 5))",11,1853.104135881482,1853.104212024974,7.614349192408554e-05
"((15, 1), (15, 2))",4,1853.1041516795422,1853.1042120539344,6.037439220563101e-05
"(0, (14, 4))",0,173.10444994613783,173.1045040782811,5.4132143276319766e-05
"((14, 4), (0, 254))",16,173.10511912228034,173.10520022411075,8.110183040344054e-05
"((21, 1), (21, 254))",50,173.10494887459416,173.105027817767,7.894317283785313e-05
"((16, 2), (21, 1))",40,173.10486893142132,173.10494787459416,7.894317283785313e-05
"((21, 1), (16, 2))",50,1853.1049488745941,1853.105027817767,7.894317286627484e-05
"((0, 254), (14, 4))",11,173.1058110591029,173.10589636994038,8.531083747698176e-05
"((22, 1), (22, 254))",0,173.1060627663702,173.10611689851348,5.4132143276319766e-05
"((14, 4), (22, 1))",10,173.10600763422693,173.1060617663702,5.4132143276319766e-05
"((22, 1), (14, 4))",0,1853.1061387652428,1853.106192897386,5.4132143304741476e-05
"((22, 1), (14, 4))",0,1853.1061387652428,1853.106192897386,5.4132143304741476e-05
"(62, (13, 254))",62,174.1027292385249,174.10277841731812,4.917879323329544e-05
"(3, (9, 3))",3,194.10299808054836,194.1030520967037,5.4016155331737536e-05
"(51, (16, 3))",51,174.1035718996851,174.10364149129035,6.95916052393386e-05
"((16, 3), (0, 254))",16,174.10439056241543,174.10447166424584,8.110183040344054e-05
"((0, 254), (16, 3))",31,174.1052371133559,174.10530183720132,6.472384541211795e-05
"((23, 1), (23, 254))",51,174.10551461201703,174.10558420362227,6.95916052393386e-05
"((16, 3), (23, 1))",41,174.1054440204118,174.10551361201703,6.95916052393386e-05
"((23, 1), (16, 3))",51,1824.105514612017,1824.1055842036224,6.959160532460373e-05
"((8, 3), (8, 2))",54,1825.1026515414048,1825.1027208408293,6.92994244673173e-05
"(86, (7, 4))",86,196.10305851114342,196.1031432199648,8.470882139022251e-05
"(96, (12, 4))",96,176.1045620554005,176.1046363413597,7.42859592151035e-05
"((12, 4), (0, 254))",16,176.1052533729628,176.1053344747932,8.110183040344054e-05
"((0, 254), (12, 4))",88,176.10597560744455,176.1060326082267,5.7000782163640906e-05
"((24, 1), (24, 254))",96,176.10625946610435,176.10633375206356,7.42859592151035e-05
"((12, 4), (24, 1))",97,176.10618418014514,176.10625846610435,7.42859592151035e-05
"((24, 1), (12, 4))",96,1826.1062594661043,1826.1063337520636,7.428595927194692e-05
"(95, (10, 1))",95,177.10411474738297,177.10419716634144,8.241895847049818e-05
"((10, 1), (0, 254))",16,177.10478634872942,177.10486745055982,8.110183040344054e-05
"((13, 3), (10, 254))",83,1827.1043043073294,1827.1043885505471,8.42432177705632e-05
"((13, 3), (20, 254))",83,1827.1043043073294,1827.104368162036,6.385470669556526e-05
"((12, 3), (18, 254))",98,1827.1045763872808,1827.1046114909805,3.510369970172178e-05
"((12, 3), (12, 4))",98,1827.1045763872808,1827.1046548484337,7.846115295251366e-05
"((0, 254), (10, 1))",75,177.10538630173332,177.10542833421158,4.203247826239931e-05
"((25, 1), (25, 254))",95,177.10567959108698,177.10576201004545,8.241895847049818e-05
"((10, 1), (25, 1))",85,177.10559617212851,177.10567859108698,8.241895847049818e-05
"((25, 1), (10, 1))",95,1827.105679591087,1827.1057620100455,8.24189585273416e-05
"(22, (4, 3))",22,218.10178227827106,218.10185430014744,7.202187637744828e-05
"(92, (20, 254))",92,178.1058060501293,178.10585790725597,5.1857126663890085e-05
"((20, 2), (20, 254))",92,1838.107661263545,1838.1077131206714,5.185712643651641e-05
"((20, 2), (20, 254))",92,1838.107661263545,1838.1077131206716,5.1857126663890085e-05
"(64, (6, 254))",64,179.10180181309065,179.1018689596077,6.7146517068295e-05
"((6, 3), (6, 254))",64,1829.1019381061246,1829.1020052526417,6.714651703987329e-05
"(89, (12, 254))",89,179.10327527290664,179.10334110772158,6.58348149329413e-05
"((12, 5), (12, 254))",89,1829.1034089425364,1829.1034747773513,6.583481490451959e-05
"((0, 2), (5, 3))",27,1831.1001901195775,1831.1002655968857,7.547730820078868e-05
"((5, 3), (0, 2))",38,1831.1004318472478,1831.100507324556,7.547730820078868e-05
"((5, 3), (17, 254))",38,1831.1004318472478,1831.100494096586,6.224933827070345e-05
"(30, (14, 5))",30,182.10292271860735,182.10300911773217,8.63991248252205e-05
"((14, 5), (0, 254))",16,182.10361499438577,182.10369609621617,8.110183040344054e-05
"((0, 254), (14, 5))",11,182.10430693120833,182.10438307470017,7.614349183882041e-05
"((26, 1), (26, 254))",30,182.10464627207463,182.10473267119946,8.63991248252205e-05
"((14, 5), (26, 1))",20,182.1045588729498,182.10464527207463,8.63991248252205e-05
"((26, 1), (14, 5))",30,1832.1046462720744,1832.1047326711994,8.639912493890733e-05
"(66, (3, 2))",66,183.10175529996113,183.1018088646193,5.3564658173854696e-05
"((3, 2), (0, 254))",16,183.10211098740936,183.10219208923976,8.110183040344054e-05
"((0, 254), (3, 2))",46,183.10249826408386,183.10257531386023,7.704977636535659e-05
"((27, 1), (27, 254))",66,183.10274000783474,183.1027935724929,5.3564658173854696e-05
"((3, 2), (27, 1))",56,183.10268544317657,183.10273900783474,5.3564658173854696e-05
"((27, 1), (3, 2))",66,1833.1027400078347,1833.1027935724928,5.3564658173854696e-05
"(72, (13, 254))",72,183.1038445105272,183.10389665265473,5.214212751525338e-05
"((13, 4), (13, 254))",72,1838.1075548712497,1838.1076070133772,5.214212751525338e-05
"((13, 4), (13, 254))",72,1838.1075548712497,1838.1076070133772,5.214212751525338e-05
"((15, 2), (1, 6))",5,303.1043358027189,303.10438863097284,5.282825395624968e-05
"((15, 2), (19, 254))",5,363.1043358027189,363.10437527231255,3.9469593673402414e-05
"((14, 3), (16, 254))",21,1833.104339285926,1833.1044250985626,8.581263659834804e-05
"((14, 3), (26, 254))",21,1833.104339285926,1833.104419361606,8.007567998902232e-05
"(1, (22, 254))",1,183.1060179764217,183.10608245075974,6.44743380462387e-05
"((22, 2), (22, 254))",1,1853.1060732909045,1853.1061377652427,6.447433815992554e-05
"((22, 2), (22, 254))",1,1853.1060732909045,1853.1061377652427,6.447433815992554e-05
"(61, (13, 1))",61,184.10291174899083,184.10299290187032,8.115287948839978e-05
"((13, 1), (0, 254))",16,184.1035065537686,184.103587655599,8.110183040344054e-05
"((16, 1), (4, 3))",31,1834.1033041365436,1834.1033691184723,6.498192874460074e-05
"((16, 1), (16, 2))",31,1834.1033041365436,1834.1033718815881,6.774504458917363e-05
"((16, 1), (16, 3))",31,1834.1033041365436,1834.103368860389,6.472384552580479e-05
"((16, 1), (4, 4))",31,1834.1033041365436,1834.1033582234702,5.408692663877446e-05
"((0, 254), (13, 1))",63,184.1040670061772,184.10411429653226,4.7290355070117585e-05
"((28, 1), (28, 254))",61,184.10436175517071,184.1044429080502,8.115287948839978e-05
"((13, 1), (28, 1))",62,184.10427960229123,184.10436075517072,8.115287948839978e-05
"((28, 1), (13, 1))",61,1834.1043617551707,1834.1044429080503,8.115287960208661e-05
"(60, (28, 1))",60,184.10545629045822,184.10551553189143,5.9241433206125294e-05
"((28, 2), (28, 254))",60,1834.1055767733246,1834.105636014758,5.924143329139042e-05
"(37, (2, 254))",37,187.10024148323882,187.1003081105356,6.662729677486823e-05
"((0, 1), (1, 6))",16,307.1002463054912,307.10028199793487,3.5692443645984895e-05
"((2, 2), (2, 254))",37,1837.1003767378322,1837.100443365129,6.662729674644652e-05
"((17, 1), (3, 3))",47,1837.102372294336,1837.1024325824376,6.028810162206355e-05
"((6, 2), (10, 1))",75,1837.1028665286426,1837.1029085611208,4.203247817713418e-05
"((6, 2), (10, 2))",75,1837.1028665286426,1837.102920864876,5.433623346107197e-05
"((6, 2), (6, 3))",75,1837.1028665286426,1837.1029465527226,8.002408003449091e-05
"((6, 2), (27, 254))",75,1837.1028665286426,1837.1029489911543,8.246251172749908e-05
"((7, 3), (11, 1))",58,1837.1029434928646,1837.103000881396,5.738853133152588e-05
"((7, 3), (11, 2))",58,1837.1029434928646,1837.1030099466616,6.64537969896628e-05
"((7, 4), (12, 1))",77,1837.102972802322,1837.1030405990593,6.779673731216462e-05
"(94, (25, 254))",94,187.10556542700039,187.10561710083073,5.1673830341769644e-05
"((25, 2), (25, 254))",94,1837.105670774661,1837.1057224484912,5.1673830284926225e-05
"((18, 1), (12, 5))",99,1837.1061407104733,1837.1061894698605,4.875938725490414e-05
"(91, (20, 2))",91,188.10595505670636,188.1059973490301,4.229232374086678e-05
"((20, 2), (0, 254))",16,188.1066611198096,188.10674222164,8.110183040344054e-05
"(81, (13, 4))",81,188.10600197203271,188.10607246505094,7.0493018228035e-05
"((13, 4), (0, 254))",16,188.1065890802835,188.1066701821139,8.110183040344054e-05
"((0, 254), (13, 4))",73,188.10721575704935,188.10726789917686,5.214212751525338e-05
"((0, 254), (20, 2))",93,188.1074352371232,188.10748709424988,5.1857126663890085e-05
"((29, 1), (29, 254))",81,188.10748337823154,188.10755387124976,7.0493018228035e-05
"((13, 4), (29, 1))",72,188.1074118852133,188.10748237823154,7.0493018228035e-05
"((29, 1), (13, 4))",81,1838.1074833782313,1838.1075538712496,7.049301825645671e-05
"((30, 1), (30, 254))",91,188.1076179712211,188.10766026354483,4.229232374086678e-05
"((20, 2), (30, 1))",92,188.10757467889735,188.1076169712211,4.229232374086678e-05
"((30, 1), (20, 2))",91,1838.107617971221,1838.1076602635449,4.229232376928849e-05
"((1, 6), (0, 1))",15,312.1004259498011,312.10046164224474,3.5692443645984895e-05
"((1, 6), (1, 1))",15,312.1004259498011,312.10048995789793,6.400809684237174e-05
"((1, 6), (1, 5))",15,312.1004259498011,312.10051546366316,8.951386206490497e-05
"((1, 6), (15, 2))",15,312.1004259498011,312.10047877805505,5.282825395624968e-05
"((1, 6), (19, 254))",15,312.1004259498011,312.1004974877205,7.153791938208087e-05
"(44, (1, 3))",44,232.10082887796102,232.10088119553544,5.231757441492846e-05
"(19, (5, 254))",19,193.1003076760603,193.10036873175125,6.105569093506347e-05
"((5, 4), (5, 254))",19,1846.1009840732374,1846.1010451289285,6.10556910487503e-05
"((5, 4), (5, 254))",19,1846.1009840732374,1846.1010451289285,6.10556910487503e-05
"((4, 1), (4, 4))",33,1843.101504327262,1843.1015864810872,8.215382513299119e-05
"((8, 2), (13, 1))",63,1843.1026809481698,1843.1027282385248,4.7290355041695875e-05
"((16, 2), (16, 3))",40,1843.1028827704206,1843.102943311024,6.054060349924839e-05
"((16, 2), (21, 254))",40,1843.1028827704206,1843.1029617135935,7.894317286627484e-05
"((16, 2), (26, 254))",40,1843.1028827704206,1843.1029217186071,3.894818655680865e-05
"(71, (13, 4))",71,233.10400153642274,233.10405127806325,4.9741640509637364e-05
"((14, 4), (14, 5))",10,1843.1043948139945,1843.1044615785245,6.676452994724968e-05
"((14, 4), (22, 254))",10,1843.1043948139945,1843.1044489461378,5.4132143304741476e-05
"((19, 1), (15, 2))",6,343.10485758161946,343.10489705121313,3.9469593673402414e-05
"((16, 3), (16, 2))",41,1844.1035013080798,1844.1035618486833,6.054060349924839e-05
"((16, 3), (4, 4))",41,1844.1035013080798,1844.103560622251,5.931417126703309e-05
"((16, 3), (21, 254))",41,1844.1035013080798,1844.1035767542385,7.544615868937399e-05
"((16, 3), (23, 254))",41,1844.1035013080798,1844.103570899685,6.959160532460373e-05
"(70, (28, 254))",70,194.1042721032926,194.10434575717346,7.365388086100211e-05
"((28, 3), (28, 254))",70,1844.1044214110543,1844.1044950649352,7.365388091784553e-05
"((0, 3), (5, 4))",18,1846.100258474289,1846.1003066760602,4.8201771278399974e-05
"(8, (5, 4))",8,196.10029612710878,196.10037857238746,8.24452786787333e-05
"((5, 4), (0, 254))",18,196.10042877415881,196.10051393225513,8.515809631148841e-05
"((0, 254), (5, 4))",18,196.10060109035143,196.1006492921228,4.82017713636651e-05
"((31, 1), (31, 254))",8,196.10090062795882,196.1009830732375,8.24452786787333e-05
"((5, 4), (31, 1))",19,196.10081718268015,196.10089962795882,8.24452786787333e-05
"((31, 1), (5, 4))",8,1846.1009006279587,1846.1009830732373,8.244527862188988e-05
"((14, 5), (14, 3))",20,1846.1043673119575,1846.1044010949518,3.3782994250941556e-05
"((14, 5), (14, 4))",20,1846.1043673119575,1846.1044340764875,6.676452994724968e-05
"((14, 5), (26, 254))",20,1846.1043673119575,1846.1044537110824,8.639912493890733e-05
"((12, 4), (12, 3))",97,1846.104486769441,1846.104565230594,7.846115295251366e-05
"((12, 4), (24, 254))",97,1846.104486769441,1846.1045610554004,7.428595927194692e-05
"(39, (5, 2))",39,197.1008189577849,197.10086682386637,4.786608147355764e-05
"((5, 2), (0, 254))",27,197.10101699069145,197.10107936388397,6.237319252022644e-05
"((0, 254), (5, 2))",28,197.1012300461789,197.10129476653432,6.472035542515187e-05
"((32, 1), (32, 254))",39,197.10144236477873,197.1014902308602,4.786608147355764e-05
"((5, 2), (32, 1))",29,197.10139349869726,197.10144136477874,4.786608147355764e-05
"((32, 1), (5, 2))",39,1847.1014423647787,1847.1014902308602,4.786608155882277e-05
"((3, 2), (27, 254))",56,1847.1017007353028,1847.101754299961,5.3564658173854696e-05
"((3, 4), (6, 3))",55,1847.101726400194,1847.1018008130904,7.441289653797867e-05
"((3, 4), (27, 254))",55,1847.101726400194,1847.1017963930633,6.999286938480509e-05
"((10, 3), (10, 2))",74,1847.1040538924296,1847.104106208819,5.2316389428597176e-05
"((10, 3), (10, 1))",74,1847.1040538924296,1847.1041397289912,8.58365615385992e-05
"((10, 3), (6, 3))",74,1847.1040538924296,1847.1041235918292,6.969939954615256e-05
"((11, 3), (11, 1))",69,1847.1042486021695,1847.1042941594399,4.555727036859025e-05
"((11, 3), (11, 2))",69,1847.1042486021695,1847.104301407127,5.2804957476837444e-05
"((12, 2), (12, 1))",88,1847.1043127670946,1847.1043840152017,7.124810713321494e-05
"((12, 2), (12, 5))",88,1847.1043127670946,1847.1043786019095,6.583481490451959e-05
"((10, 2), (6, 2))",84,1848.1030284976546,1848.103082833888,5.433623346107197e-05
"((10, 2), (10, 1))",84,1848.1030284976546,1848.1030636306289,3.513297428980877e-05
"((10, 1), (6, 2))",85,1848.1030832342437,1848.103125266722,4.203247817713418e-05
"((10, 1), (10, 2))",85,1848.1030832342437,1848.103118367218,3.513297428980877e-05
"((10, 1), (25, 254))",85,1848.1030832342437,1848.1031656532023,8.24189585273416e-05
"((11, 1), (7, 3))",59,1848.1030949959365,1848.1031523844679,5.738853133152588e-05
"((11, 1), (11, 2))",59,1848.1030949959365,1848.1031767741424,8.177820586752205e-05
"((11, 2), (7, 3))",68,1848.1031185565766,1848.1031850103736,6.64537969896628e-05
"((11, 2), (11, 1))",68,1848.1031185565766,1848.1032003347825,8.177820586752205e-05
"((11, 2), (12, 1))",68,1848.1031185565766,1848.1031697117703,5.115519365972432e-05
"((12, 1), (7, 4))",78,1848.1031860952733,1848.1032538920106,6.779673731216462e-05
"((12, 1), (11, 2))",78,1848.1031860952733,1848.103237250467,5.115519365972432e-05
"((12, 1), (12, 5))",78,1848.1031860952733,1848.1032742729067,8.81776334153983e-05
"((20, 1), (20, 2))",93,1848.1057531930026,1848.1058050501292,5.1857126663890085e-05
"(90, (29, 254))",90,198.10742586934148,198.10751034648789,8.447714640169579e-05
"((29, 2), (29, 254))",90,1848.1075968236341,1848.1076813007805,8.447714640169579e-05
"(76, (6, 254))",76,199.10267842910835,199.10274347001302,6.504090467274182e-05
"((6, 4), (6, 254))",76,1849.1028105109176,1849.1028755518223,6.504090470116353e-05
"((4, 4), (4, 2))",42,1850.1017537887378,1850.1018199177265,6.612898869207129e-05
"((4, 4), (16, 254))",42,1850.1017537887378,1850.1018078756645,5.408692663877446e-05
"((4, 4), (4, 3))",42,1850.1017537887378,1850.1018302144548,7.642571699761902e-05
"((4, 4), (16, 3))",42,1850.1017537887378,1850.101813102909,5.931417126703309e-05
"(9, (5, 4))",9,241.10034267745,241.10041136326922,6.868581922958583e-05
"((5, 1), (5, 4))",28,1851.100572930637,1851.1006339863281,6.10556910487503e-05
"(45, (1, 3))",45,241.10083357179624,241.10089058320588,5.701140963765283e-05
"(82, (13, 4))",82,241.10400593276594,241.10406007074965,5.413798371023404e-05
"(3, (15, 254))",3,203.10290722914658,203.10298753821698,8.030907039824342e-05
"((15, 3), (15, 254))",3,1853.1030698472873,1853.1031501563577,8.030907042666513e-05
"((13, 2), (13, 1))",73,1853.1038004543934,1853.1038496331867,4.917879323329544e-05
"((13, 2), (13, 4))",73,1853.1038004543934,1853.103852596521,5.214212751525338e-05
"(2, (22, 2))",2,203.10422617454105,203.10426789688938,4.1722348328221415e-05
"((22, 2), (0, 254))",16,203.10500354736993,203.10508464920034,8.110183040344054e-05
"((21, 1), (16, 3))",50,1853.1047889882484,1853.104864434407,7.544615868937399e-05
"((21, 1), (23, 254))",50,1853.1047889882484,1853.1048681478226,7.91595741702622e-05
"((0, 254), (22, 2))",0,203.10583692717324,203.1059014015113,6.44743380462387e-05
"((33, 1), (33, 254))",2,203.10603056855626,203.1060722909046,4.1722348328221415e-05
"((22, 1), (22, 2))",0,1853.1059525020835,1853.1060169764216,6.447433815992554e-05
"((22, 2), (33, 1))",1,203.10598784620794,203.10602956855627,4.1722348328221415e-05
"((33, 1), (22, 2))",2,1853.1060305685562,1853.1060722909044,4.172234821453458e-05
"((13, 1), (8, 2))",62,1824.1028295961112,1824.1028768864662,4.7290355041695875e-05
"((13, 1), (13, 4))",62,1824.1028295961112,1824.102890586247,6.099013580751489e-05
"((13, 1), (28, 254))",62,1824.1028295961112,1824.1029107489908,8.115287960208661e-05
"(80, (28, 3))",80,204.10449099204803,204.10455957304174,6.858099371243043e-05
"((28, 3), (0, 254))",16,204.10523003170036,204.10531113353076,8.110183040344054e-05
"((0, 254), (28, 3))",61,204.10598904013892,204.10606269401978,7.365388086100211e-05
"((23, 1), (21, 254))",51,1824.1053734288064,1824.1054525883806,7.91595741702622e-05
"((23, 1), (28, 254))",51,1824.1053734288064,1824.1054354787902,6.204998385328508e-05
"((23, 1), (28, 2))",51,1824.1053734288064,1824.105455290458,8.186165155166236e-05
"((34, 1), (34, 254))",80,204.1062724370009,204.10634101799462,6.858099371243043e-05
"((28, 3), (34, 1))",70,204.1062028560072,204.1062714370009,6.858099371243043e-05
"((34, 1), (28, 3))",80,1824.1062724370008,1824.1063410179945,6.858099368400872e-05
"(14, (1, 254))",14,205.10049566708247,205.10058277226105,8.710517857934974e-05
"((1, 7), (1, 254))",14,295.1006718774396,,
"((8, 3), (6, 3))",54,1825.1026515414048,1825.1027302915286,7.875012374825019e-05
"(48, (2, 2))",48,206.10046432544615,206.10055091305995,8.658761379365387e-05
"((2, 2), (0, 254))",27,206.1006901224139,206.10075249560643,6.237319252022644e-05
"((0, 254), (2, 2))",27,206.10081686879894,206.10086723246013,5.0363661188157494e-05
"(7, (31, 254))",7,206.1008119115787,206.1008890857559,7.717417722119535e-05
"((35, 1), (35, 254))",48,206.1011309953015,206.1012175829153,8.658761379365387e-05
"((31, 2), (31, 254))",7,1826.100968259933,1826.1010454341103,7.717417724961706e-05
"((2, 2), (35, 1))",37,206.1010434076877,206.1011299953015,8.658761379365387e-05
"((35, 1), (2, 2))",48,1826.1011309953014,1826.1012175829153,8.658761385049729e-05
"(52, (4, 4))",52,206.10167512051186,206.10175208623244,7.696572058080164e-05
"((4, 4), (0, 254))",16,206.10207049506948,206.1021515968999,8.110183040344054e-05
"((0, 254), (4, 4))",33,206.1024689537421,206.10255110756734,8.215382524667802e-05
"((36, 1), (36, 254))",52,206.10278600472907,206.10286297044965,7.696572058080164e-05
"((4, 4), (36, 1))",42,206.1027080390085,206.10278500472907,7.696572058080164e-05
"((36, 1), (4, 4))",52,1826.102786004729,1826.1028629704497,7.696572060922335e-05
"(86, (6, 4))",86,206.10305851114342,206.10311910834574,6.059720232087784e-05
"((6, 4), (0, 254))",16,206.10354788014982,206.10362898198022,8.110183040344054e-05
"(49, (32, 254))",49,206.10314299134188,206.10323099034127,8.799899939049283e-05
"((32, 2), (32, 254))",49,1826.1033209893405,1826.1034089883399,8.799899933364941e-05
"((0, 254), (6, 4))",65,206.10407381471003,206.1041388556147,6.504090467274182e-05
"((37, 1), (37, 254))",86,206.10432464722166,206.10438524442398,6.059720232087784e-05
"((6, 4), (37, 1))",76,206.10426305001934,206.10432364722166,6.059720232087784e-05
"((37, 1), (6, 4))",86,1826.1043246472216,1826.1043852444238,6.059720226403442e-05
"((24, 1), (25, 254))",96,1826.1061088941858,1826.1061841237072,7.522952137151151e-05
"((6, 1), (6, 3))",65,1827.1026444733116,1827.1027116198286,6.714651703987329e-05
"((6, 1), (27, 254))",65,1827.1026444733116,1827.102664543707,2.0070395521543105e-05
"((7, 2), (27, 254))",67,1827.1027108008707,1827.102789041387,7.824051635907381e-05
"((13, 3), (13, 4))",83,1827.1043043073294,1827.1043830500928,7.874276343500242e-05
"((12, 3), (12, 5))",98,1827.1045763872808,1827.1046538630078,7.747572703920014e-05
"((25, 1), (24, 254))",95,1827.10551275317,1827.1055879826913,7.522952137151151e-05
"((25, 1), (25, 2))",95,1827.10551275317,1827.1055644270002,5.1673830284926225e-05
"((20, 2), (29, 254))",92,1828.1059117643824,1828.1060009720325,8.920765003495035e-05
"((20, 2), (30, 254))",92,1828.1059117643824,1828.1059540567062,4.229232376928849e-05
"((6, 3), (3, 4))",64,1829.1019381061246,1829.1020125190212,7.441289653797867e-05
"((6, 3), (6, 2))",64,1829.1019381061246,1829.1020181302047,8.002408003449091e-05
"((6, 3), (10, 254))",64,1829.1019381061246,1829.1020078055242,6.969939954615256e-05
"((6, 3), (8, 3))",64,1829.1019381061246,1829.1020168562484,7.875012374825019e-05
"(79, (11, 254))",79,209.10318987945735,209.10326848613875,7.860668139869631e-05
"((11, 4), (11, 254))",79,1829.10334909282,1829.1034276995015,7.860668142711802e-05
"((12, 5), (18, 254))",89,1829.1034089425364,1829.1034577019236,4.875938725490414e-05
"((12, 5), (12, 3))",89,1829.1034089425364,1829.1034864182634,7.747572703920014e-05
"((12, 5), (12, 1))",89,1829.1034089425364,1829.1034971201698,8.81776334153983e-05
"((0, 2), (2, 2))",27,1831.1001901195775,1831.1002404832386,5.0363661102892365e-05
"((5, 3), (2, 2))",38,1831.1004318472478,1831.1004659475,3.410025215089263e-05
"((5, 3), (35, 254))",38,1831.1004318472478,1831.1004879588445,5.6111596677510533e-05
"((26, 1), (16, 2))",30,1832.1044714738248,1832.1045104220113,3.894818655680865e-05
"((26, 1), (14, 3))",30,1832.1044714738248,1832.1045515495048,8.007567998902232e-05
"((8, 1), (36, 254))",53,1833.1025530272038,1833.102613430183,6.040297921572346e-05
"((27, 1), (3, 4))",66,1833.1026308785183,1833.1027008713877,6.999286938480509e-05
"((27, 1), (6, 254))",66,1833.1026308785183,1833.1026509489138,2.0070395521543105e-05
"((27, 1), (7, 254))",66,1833.1026308785183,1833.1027091190347,7.824051635907381e-05
"((27, 1), (6, 2))",66,1833.1026308785183,1833.10271334103,8.246251172749908e-05
"((27, 1), (6, 4))",66,1833.1026308785183,1833.1026774291083,4.6550590013794135e-05
"((9, 2), (1, 7))",23,303.10269303249356,303.102779471588,8.643909444572273e-05
"((13, 4), (13, 1))",72,1833.1039507947821,1833.104011784918,6.099013580751489e-05
"((13, 4), (13, 3))",72,1833.1039507947821,1833.1040295375456,7.874276343500242e-05
"((13, 4), (29, 254))",72,1833.1039507947821,1833.1040212878004,7.049301825645671e-05
"((15, 2), (1, 7))",5,303.1043358027189,303.10441379298754,7.799026866450731e-05
"((14, 3), (14, 5))",21,1833.104339285926,1833.1043730689203,3.3782994250941556e-05
"((22, 2), (33, 254))",1,1833.1061489250976,1833.1061906474458,4.172234821453458e-05
"((28, 1), (23, 254))",61,1834.1041974494117,1834.1042594993955,6.204998385328508e-05
"((28, 1), (28, 2))",61,1834.1041974494117,1834.104256690845,5.924143329139042e-05
"((28, 1), (28, 3))",61,1834.1041974494117,1834.1042711032926,7.365388091784553e-05
"((28, 2), (23, 254))",60,1834.1055767733246,1834.1056586349762,8.186165155166236e-05
"((28, 2), (28, 3))",60,1834.1055767733246,1834.105605535535,2.876221037695359e-05
"((2, 2), (0, 2))",37,1837.1003767378322,1837.1004271014933,5.0363661102892365e-05
"((2, 2), (5, 3))",37,1837.1003767378322,1837.1004108380844,3.410025215089263e-05
"((2, 2), (17, 254))",37,1837.1003767378322,1837.1004289136038,5.217577154326136e-05
"((2, 2), (35, 254))",37,1837.1003767378322,1837.100463325446,8.658761385049729e-05
"((2, 1), (2, 2))",36,1837.1008663697721,1837.1009329970689,6.662729674644652e-05
"((17, 1), (2, 2))",47,1837.102372294336,1837.1024244701075,5.217577154326136e-05
"((17, 1), (35, 254))",47,1837.102372294336,1837.1024340547754,6.176043939376541e-05
"((6, 2), (6, 4))",75,1837.1028665286426,1837.1029315061578,6.497751519418671e-05
"((7, 4), (37, 254))",77,1837.102972802322,1837.1030575111433,8.470882130495738e-05
"(87, (37, 254))",87,217.10304378744,217.10311253227508,6.874483509022866e-05
"((37, 2), (37, 254))",87,1837.10318327711,1837.103252021945,6.874483506180695e-05
"((29, 1), (20, 2))",81,1838.107340392195,1838.107429599845,8.920765003495035e-05
"((29, 1), (30, 254))",81,1838.107340392195,1838.1074033674547,6.297525965237583e-05
"((29, 1), (29, 2))",81,1838.107340392195,1838.1074248693415,8.447714640169579e-05
"((30, 1), (29, 254))",91,1838.1075313865736,1838.1075943618332,6.297525965237583e-05
"((30, 1), (29, 2))",91,1838.1075313865736,1838.1075902861003,5.889952672077925e-05
"((1, 6), (1, 7))",15,312.1004259498011,312.10049466708244,6.871728135138255e-05
"((5, 2), (5, 4))",29,1842.1007700917032,1842.1008443624692,7.427076593558013e-05
"((5, 2), (32, 254))",29,1842.1007700917032,1842.1008179577848,4.786608155882277e-05
"((5, 4), (0, 3))",19,1843.1004317874422,1843.1004799892135,4.8201771278399974e-05
"((5, 4), (5, 2))",19,1843.1004317874422,1843.100506058208,7.427076593558013e-05
"((5, 4), (31, 254))",19,1843.1004317874422,1843.1005142327208,8.244527862188988e-05
"((1, 5), (1, 7))",24,283.10071769791784,283.100761019472,4.332155413067085e-05
"((8, 2), (36, 254))",63,1843.1026809481698,1843.1027474860334,6.653786363131076e-05
"((9, 3), (15, 3))",13,1843.1028522129911,1843.1029062291466,5.4016155445424374e-05
"((9, 3), (1, 7))",13,283.10285221299125,283.10292684393147,7.463094021886718e-05
"((9, 4), (15, 3))",12,1843.1029230970928,1843.1029970805482,7.398345542242168e-05
"((28, 3), (28, 2))",70,1844.1044214110543,1844.1044501732647,2.876221037695359e-05
"((28, 3), (34, 254))",70,1844.1044214110543,1844.104489992048,6.858099368400872e-05
"((0, 3), (31, 254))",18,1846.100258474289,1846.1002951271087,3.6652819744631415e-05
"((31, 1), (0, 3))",8,1846.1007337374015,1846.1007703902212,3.6652819744631415e-05
"((31, 1), (31, 2))",8,1846.1007337374015,1846.1008109115787,7.717417724961706e-05
"((12, 4), (37, 2))",97,1846.104486769441,1846.1045333074478,4.6538006699847756e-05
"((1, 2), (1, 7))",25,227.10053995333467,227.10062705851325,8.710517857934974e-05
"((32, 1), (35, 254))",39,1847.1013446326158,1847.101431271669,8.663905327921384e-05
"((32, 1), (32, 2))",39,1847.1013446326158,1847.1014326316151,8.799899933364941e-05
"((11, 3), (11, 4))",69,1847.1042486021695,1847.104327208851,7.860668142711802e-05
"((12, 2), (37, 2))",88,1847.1043127670946,1847.1043765197592,6.375266457325779e-05
"(22, (9, 4))",22,268.10178227827106,268.10182360328963,4.132501857156967e-05
"((10, 1), (6, 4))",85,1848.1030832342437,1848.103169607627,8.637338328298938e-05
"((10, 1), (37, 254))",85,1848.1030832342437,1848.103154341859,7.110761521289533e-05
"((11, 1), (32, 2))",59,1848.1030949959365,1848.1031419913418,4.699540522778989e-05
"((11, 2), (11, 4))",68,1848.1031185565766,1848.1031888794573,7.032288067421177e-05
"((12, 1), (11, 4))",78,1848.1031860952733,1848.1032316064145,4.551114125206368e-05
"((29, 2), (30, 254))",90,1848.1075968236341,1848.1076557231609,5.889952672077925e-05
"((29, 2), (34, 254))",90,1848.1075968236341,1848.1076855808387,8.875720459400327e-05
"((6, 4), (27, 254))",76,1849.1028105109176,1849.1028570615076,4.6550590013794135e-05
"((6, 4), (7, 254))",76,1849.1028105109176,1849.1028942870748,8.377615722565679e-05
"((6, 4), (6, 2))",76,1849.1028105109176,1849.1028754884328,6.497751519418671e-05
"((6, 4), (10, 1))",76,1849.1028105109176,1849.102896884301,8.637338328298938e-05
"((6, 4), (37, 254))",76,1849.1028105109176,1849.1028711081199,6.059720226403442e-05
"((4, 4), (36, 254))",42,1850.1017537887378,1850.1018307544584,7.696572060922335e-05
"((4, 2), (36, 254))",43,1853.1015912162848,1853.1016741205117,8.290422692880384e-05
"((15, 3), (9, 3))",3,1853.1030698472873,1853.1031238634428,5.4016155445424374e-05
"((15, 3), (9, 4))",3,1853.1030698472873,1853.1031438307427,7.398345542242168e-05
"((15, 3), (33, 254))",3,1853.1030698472873,1853.103150157995,8.0310707744502e-05
"((15, 1), (15, 3))",4,1853.1041516795422,1853.1042319886126,8.030907042666513e-05
"((15, 1), (1, 7))",4,293.10415167954227,293.10421615169645,6.447215417892949e-05
"((33, 1), (15, 3))",2,1853.1059451238596,1853.1060254345673,8.0310707744502e-05
"((13, 1), (36, 254))",62,1824.1028295961112,1824.1029167922677,8.719615652807988e-05
"((23, 1), (36, 254))",51,1824.1053734288064,1824.105459684123,8.62553165461577e-05
"((34, 1), (29, 2))",80,1824.1061332750135,1824.106222032218,8.875720459400327e-05
"((1, 7), (1, 5))",14,295.1006718774396,295.1007151989937,4.332155413067085e-05
"((1, 7), (15, 254))",14,295.1006718774396,295.1007363495938,6.447215417892949e-05
"((1, 7), (1, 6))",14,295.1006718774396,295.10074059472095,6.871728135138255e-05
"((1, 7), (9, 3))",14,295.1006718774396,295.1007465083798,7.463094021886718e-05
"((1, 7), (15, 2))",14,295.1006718774396,295.10074986770826,7.799026866450731e-05
"((1, 7), (9, 254))",14,295.1006718774396,295.10075831653404,8.643909444572273e-05
"((35, 1), (5, 3))",48,1826.1009558200738,1826.1010119316704,5.6111596677510533e-05
"((35, 1), (17, 254))",48,1826.1009558200738,1826.1010175805131,6.176043939376541e-05
"((35, 1), (32, 254))",48,1826.1009558200738,1826.101042459127,8.663905327921384e-05
"((35, 1), (32, 2))",48,1826.1009558200738,1826.1010197598446,6.393977082552738e-05
"((36, 1), (8, 254))",52,1826.1026300732879,1826.102690476267,6.040297921572346e-05
"((36, 1), (8, 2))",52,1826.1026300732879,1826.1026966111515,6.653786363131076e-05
"((36, 1), (4, 2))",52,1826.1026300732879,1826.1027129775148,8.290422692880384e-05
"((36, 1), (23, 254))",52,1826.1026300732879,1826.1027163286044,8.62553165461577e-05
"((36, 1), (13, 1))",52,1826.1026300732879,1826.1027172694444,8.719615652807988e-05
"((32, 2), (11, 1))",49,1826.1033209893405,1826.1033679847458,4.699540522778989e-05
"((32, 2), (35, 254))",49,1826.1033209893405,1826.1033849291114,6.393977082552738e-05
"((37, 1), (7, 4))",86,1826.1042014528168,1826.1042861616381,8.470882130495738e-05
"((37, 1), (10, 1))",86,1826.1042014528168,1826.104272560432,7.110761521289533e-05
"((37, 1), (24, 254))",86,1826.1042014528168,1826.1042820812331,8.06284162990778e-05
"((37, 1), (37, 2))",86,1826.1042014528168,1826.1042701976519,6.874483506180695e-05
"((24, 1), (37, 254))",96,1826.1061088941858,1826.106189522602,8.06284162990778e-05
"((24, 1), (37, 2))",96,1826.1061088941858,1826.106168722265,5.98280792019068e-05
"((6, 1), (6, 4))",65,1827.1026444733116,1827.1027095142163,6.504090470116353e-05
"((7, 2), (6, 4))",67,1827.1027108008707,1827.102794577028,8.377615722565679e-05
"((11, 4), (12, 1))",79,1829.10334909282,1829.1033946039613,4.551114125206368e-05
"((11, 4), (11, 2))",79,1829.10334909282,1829.1034194157007,7.032288067421177e-05
"((11, 4), (12, 5))",79,1829.10334909282,1829.1034284946688,7.940184877952561e-05
"((12, 5), (11, 4))",89,1829.1034089425364,1829.1034883443851,7.940184877952561e-05
"(44, (8, 3))",44,242.10082887796102,242.10091858931563,8.971135460456026e-05
"((8, 3), (0, 254))",16,242.10130603580845,242.10138713763885,8.110183040344054e-05
"((0, 254), (8, 3))",53,242.10182384789508,242.10185568596208,3.1838067002354364e-05
"((38, 1), (38, 254))",44,242.10212882002588,242.1022185313805,8.971135460456026e-05
"((8, 3), (38, 1))",54,242.10203810867128,242.10212782002588,8.971135460456026e-05
"((38, 1), (8, 3))",44,1832.1021288200259,1832.1022185313805,8.971135457613855e-05
"(71, (28, 254))",71,243.10400153642274,243.1040695282386,6.799181585392944e-05
"((28, 4), (28, 254))",71,1833.1041395200543,1833.10420751187,6.79918157402426e-05
"((7, 4), (37, 2))",77,1837.102972802322,1837.10304278744,6.998511798883555e-05
"((37, 2), (12, 254))",87,1837.10318327711,1837.1032470297746,6.375266457325779e-05
"((37, 2), (7, 4))",87,1837.10318327711,1837.103253262228,6.998511798883555e-05
"((37, 2), (12, 4))",87,1837.10318327711,1837.1032298151167,4.6538006699847756e-05
"((37, 2), (24, 254))",87,1837.10318327711,1837.1032431051892,5.98280792019068e-05
"((29, 1), (28, 4))",81,1838.107340392195,1838.1073892069526,4.881475751972175e-05
"(9, (31, 254))",9,251.10034267745,251.10041838784565,7.571039566300897e-05
"((31, 3), (31, 254))",9,1841.1004960982411,1841.100571808637,7.57103957766958e-05
"(45, (3, 254))",45,251.10083357179624,251.10088955674502,5.59849487729025e-05
"((3, 5), (3, 254))",45,1841.1009475416936,1841.1010035266424,5.598494885816763e-05
"(82, (13, 3))",82,291.1040059327659,291.10405743751994,5.150475402615484e-05
"((5, 4), (31, 3))",19,1843.1004317874422,1843.1005004732615,6.868581931485096e-05
"((0, 3), (31, 3))",18,1846.100258474289,1846.10034167745,8.320316101162462e-05
"((31, 1), (31, 3))",8,1846.1007337374015,1846.1008094477972,7.57103957766958e-05
"((3, 4), (3, 5))",55,1847.101726400194,1847.1018011512504,7.475105644516589e-05
"((8, 3), (38, 254))",54,1825.1026515414048,1825.1027412527594,8.971135457613855e-05
"((1, 3), (38, 254))",35,297.1007755603866,297.100827877961,5.231757444335017e-05
"((1, 3), (3, 5))",35,297.1007755603866,297.1008325717962,5.701140963765283e-05
"((38, 1), (1, 4))",44,302.1019473973167,302.1019974405566,5.004323992352511e-05
"((38, 1), (1, 3))",44,302.1019473973167,302.1019997148911,5.231757444335017e-05
"((38, 1), (3, 5))",44,1832.1019473973165,1832.1019875146783,4.011736177744751e-05
"((1, 4), (38, 254))",34,303.1007818533276,303.1008318965675,5.004323992352511e-05
"((1, 4), (3, 5))",34,303.1007818533276,303.100868926379,8.707305141797406e-05
"((13, 4), (28, 4))",72,1833.1039507947821,1833.1040005364227,4.97416406233242e-05
"((28, 4), (13, 4))",71,1833.1041395200543,1833.104189261695,4.97416406233242e-05
"((28, 4), (29, 254))",71,1833.1041395200543,1833.1041883348119,4.881475751972175e-05
"((28, 1), (28, 4))",61,1834.1041974494117,1834.1042654412274,6.79918157402426e-05
"((3, 1), (3, 5))",46,1837.1014665859739,1837.1015225709227,5.598494885816763e-05
"(22, (14, 254))",22,278.10178227827106,278.10182688099064,4.460271958350859e-05
"((14, 6), (14, 254))",22,1838.10187348371,1838.1019180864296,4.460271952666517e-05
"((31, 3), (0, 3))",9,1841.1004960982411,1841.1005793014021,8.320316101162462e-05
"((31, 3), (5, 4))",9,1841.1004960982411,1841.1005647840605,6.868581931485096e-05
"((3, 5), (1, 4))",45,311.10094754169376,311.1010346147452,8.707305141797406e-05
"((3, 5), (1, 3))",45,311.10094754169376,311.1010045531034,5.701140963765283e-05
"((3, 5), (3, 4))",45,1841.1009475416936,1841.10102229275,7.475105644516589e-05
"((3, 5), (38, 254))",45,1841.1009475416936,1841.1009876590554,4.011736177744751e-05
"((9, 4), (14, 6))",12,1843.1029230970928,1843.1029644221114,4.132501862841309e-05
"((4, 3), (14, 6))",32,1853.1017092563945,1853.101781278271,7.202187634902657e-05
"((14, 2), (14, 6))",11,1853.104135881482,1853.1041804842016,4.460271952666517e-05
"(82, (29, 254))",82,301.1040059327659,301.10405320154916,4.726878324845529e-05
"((29, 3), (29, 254))",82,1831.1041024703322,1831.1041497391154,4.7268783191611874e-05
"((13, 4), (29, 3))",72,1833.1039507947821,1833.1040049327657,5.413798362496891e-05
"((28, 4), (29, 3))",71,1833.1041395200543,1833.1042184303396,7.891028531048505e-05
"((14, 3), (14, 6))",21,1833.104339285926,1833.1044117227143,7.243678828672273e-05
"((14, 6), (9, 4))",22,1838.10187348371,1838.1019148087287,4.132501862841309e-05
"((14, 6), (4, 3))",22,1838.10187348371,1838.1019455055864,7.202187634902657e-05
"((14, 6), (14, 3))",22,1838.10187348371,1838.1019459204983,7.243678828672273e-05
"((29, 1), (29, 3))",81,1838.107340392195,1838.1073876609782,4.7268783191611874e-05
"((30, 1), (29, 3))",91,1838.1075313865736,1838.1076130279614,8.164138785105024e-05
"((20, 1), (29, 3))",93,1848.1057531930026,1848.1058288139745,7.562097198388074e-05
"(14, (9, 254))",14,323.100762019472,323.1008484585664,8.643909444572273e-05
"(35, (2, 254))",35,323.10082564464676,323.10090944825754,8.380361077797716e-05
"((9, 5), (9, 254))",14,1853.1009368976609,1853.1010233367554,8.643909450256615e-05
"((2, 3), (2, 254))",35,1853.1067072379437,1853.1067150426816,7.804737833794206e-06
"((2, 3), (2, 254))",35,1853.1067072379437,1853.1067150426818,7.804738061167882e-06
"((2, 3), (2, 254))",35,1853.1067072379437,1853.1067910415545,8.380361077797716e-05
"((2, 3), (2, 254))",35,1853.1067072379437,1853.1067910415545,8.380361077797716e-05
"((9, 5), (15, 2))",14,1853.1009368976609,1853.1010148879295,7.799026866450731e-05
"((9, 5), (15, 254))",14,1853.1009368976609,1853.101001369815,6.44721542357729e-05
"((9, 5), (9, 3))",14,1853.1009368976609,1853.101011528601,7.463094016202376e-05
"((3, 1), (2, 3))",46,327.1061281194197,327.1062077953187,7.967589903046246e-05
"((3, 1), (2, 3))",46,327.1061281194197,327.1062077953187,7.967589903046246e-05
"((2, 3), (38, 254))",35,1853.1009952518682,1853.1010475694427,5.2317574500193587e-05
"((2, 3), (3, 5))",35,1853.1009952518682,1853.1010522632778,5.7011409580809413e-05
"((2, 3), (3, 254))",35,1853.1009952518682,1853.1010749277673,7.967589908730588e-05
"((13, 3), (29, 3))",83,1827.1043043073294,1827.1043558120834,5.150475408299826e-05
"((20, 2), (29, 3))",92,1828.1059117643824,1828.105985777679,7.401329662570788e-05
"((29, 3), (13, 3))",82,1831.1041024703322,1831.1041539750863,5.150475408299826e-05
"((29, 3), (13, 4))",82,1831.1041024703322,1831.1041566083159,5.413798362496891e-05
"((29, 3), (20, 2))",82,1831.1041024703322,1831.1041764836289,7.401329662570788e-05
"((29, 3), (20, 254))",82,1831.1041024703322,1831.1041780913042,7.562097198388074e-05
"((29, 3), (30, 254))",82,1831.1041024703322,1831.10418411172,8.164138785105024e-05
"((29, 3), (28, 4))",82,1831.1041024703322,1831.1041813806175,7.891028531048505e-05
"((38, 1), (2, 3))",44,332.1019473973167,332.1019997148911,5.231757444335017e-05
"(34, (2, 3))",34,333.1007961145026,333.1008389058218,4.279131917428458e-05
"((2, 3), (0, 254))",27,333.10099529148977,333.1010576646823,6.237319252022644e-05
"((0, 254), (2, 3))",36,333.101192619932,333.1012764235428,8.380361077797716e-05
"((39, 1), (39, 254))",34,1853.1066634466245,1853.1067062379436,4.279131917428458e-05
"((39, 1), (39, 254))",34,1853.1066634466245,1853.1067062379436,4.279131917428458e-05
"((4, 1), (39, 1))",33,338.1080897793126,338.1081785395627,8.876025009385557e-05
"((4, 1), (39, 1))",33,338.1080897793126,338.10817853956274,8.8760250150699e-05
"((3, 1), (39, 254))",46,1847.104803512911,1847.104825755812,2.224290096819459e-05
"((3, 1), (39, 254))",46,1847.104803512911,1847.1048257558123,2.2242901195568265e-05
"((3, 1), (39, 254))",46,1847.104803512911,1847.1048831888102,7.967589908730588e-05
"((3, 1), (39, 254))",46,1847.104803512911,1847.1048831888102,7.967589908730588e-05
"((9, 2), (9, 5))",23,1833.1026930324936,1833.102779471588,8.643909450256615e-05
"((15, 2), (9, 5))",5,1833.1043358027189,1833.1044137929875,7.799026866450731e-05
"((2, 1), (39, 254))",36,1837.1008663697721,1837.100950173383,8.380361077797716e-05
"((3, 5), (39, 1))",45,341.10094754169376,341.1010346147452,8.707305141797406e-05
"((3, 5), (39, 254))",45,1841.1009475416936,1841.1010045531032,5.7011409580809413e-05
"(24, (39, 1))",24,343.10071769791784,343.1007936155785,7.591766063796968e-05
"(24, (39, 1))",24,343.10071769791784,343.1007951145026,7.741658475879376e-05
"(24, (9, 5))",24,343.10071769791784,343.100761019472,4.332155413067085e-05
"(24, (9, 254))",24,343.10071769791784,343.10078859447214,7.089655429126651e-05
"((39, 1), (0, 254))",27,343.10099379256565,343.10105616575817,6.237319252022644e-05
"((0, 254), (39, 1))",35,343.1012759246187,343.10131871593785,4.279131917428458e-05
"((40, 1), (40, 254))",24,1843.1013981325225,1843.1014755491074,7.74165848724806e-05
"((4, 1), (40, 254))",33,1853.106573686374,1853.1065864477514,1.2761377320202882e-05
"((4, 1), (40, 254))",33,1853.106573686374,1853.1065864477516,1.2761377547576558e-05
"((4, 1), (40, 254))",33,1853.106573686374,1853.1066624466243,8.876025026438583e-05
"((4, 1), (40, 254))",33,1853.106573686374,1853.1066624466243,8.876025026438583e-05
"((9, 3), (9, 5))",13,1843.1028522129911,1843.1029268439313,7.463094016202376e-05
"((9, 5), (40, 1))",14,1853.1009368976609,1853.100980219215,4.332155413067085e-05
"((2, 3), (40, 254))",35,1853.1009952518682,1853.1010380431874,4.279131917428458e-05
"((15, 1), (9, 5))",4,1853.1041516795422,1853.1042161516964,6.44721542357729e-05
"((38, 1), (40, 254))",44,1832.1019473973165,1832.1019974405565,5.0043239980368526e-05
"((38, 1), (39, 254))",44,1832.1019473973165,1832.101999714891,5.2317574500193587e-05
"((39, 1), (38, 254))",34,1833.1013212148619,1833.1013712581018,5.0043239980368526e-05
"((39, 1), (3, 5))",34,1833.1013212148619,1833.1014082879133,8.707305141797406e-05
"((39, 1), (4, 254))",34,1833.1013212148619,1833.1014099751121,8.876025026438583e-05
"((39, 1), (40, 1))",34,1833.1013212148619,1833.1013986314467,7.74165848724806e-05
"((9, 2), (40, 1))",23,1833.1026930324936,1833.1027639290478,7.089655423442309e-05
"((3, 5), (40, 254))",45,1841.1009475416936,1841.101034614745,8.707305141797406e-05
"((40, 1), (9, 5))",24,1843.1013981325225,1843.1014414540766,4.332155413067085e-05
"((40, 1), (9, 254))",24,1843.1013981325225,1843.1014690290767,7.089655423442309e-05
"(26, (2, 254))",26,373.1008110785406,373.10089965453335,8.857599277689587e-05
"((2, 4), (2, 254))",26,1853.1015136976903,1853.1016022736828,8.85759925495222e-05
"((2, 4), (2, 254))",26,1853.1015136976903,1853.101602273683,8.857599277689587e-05
"(15, (2, 4))",15,383.10074159472094,383.1008056028178,6.400809684237174e-05
"((2, 4), (0, 254))",27,383.1009667608678,383.1010291340603,6.237319252022644e-05
"((0, 254), (2, 4))",36,383.10116408931003,383.1012526653028,8.857599277689587e-05
"((41, 1), (41, 254))",15,383.1014486895933,383.10151269769017,6.400809684237174e-05
"((2, 4), (41, 1))",26,383.1013836814965,383.10144768959333,6.400809684237174e-05
"((41, 1), (2, 4))",15,1853.1014486895933,1853.1015126976902,6.400809684237174e-05
"(6, (41, 1))",6,383.10437627231255,383.10444781023193,7.153791938208087e-05
"((41, 2), (41, 254))",6,1853.1045213481511,1853.1045928860706,7.153791943892429e-05
"((9, 5), (41, 254))",14,1853.1009368976609,1853.1010056149423,6.871728146506939e-05
"((15, 2), (41, 254))",5,1833.1043358027189,1833.1043886309728,5.282825395624968e-05
"((15, 2), (41, 2))",5,1833.1043358027189,1833.1043752723126,3.946959373024583e-05
"((0, 1), (2, 4))",16,1837.100246305491,1837.100278096867,3.1791375931788934e-05
"((0, 1), (41, 254))",16,1837.100246305491,1837.1002819979346,3.5692443589141476e-05
"((2, 1), (2, 4))",36,1837.1008663697721,1837.100954945765,8.857599277689587e-05
"((40, 1), (41, 254))",24,1843.1013981325225,1843.1014876463846,8.951386212174839e-05
"((2, 4), (0, 1))",26,1843.1009902305261,1843.101022021902,3.1791375931788934e-05
"((2, 4), (41, 254))",26,1843.1009902305261,1843.101054238623,6.400809684237174e-05
"((41, 1), (40, 1))",15,1853.1013186733996,1853.1014081872618,8.951386212174839e-05
"((41, 1), (0, 1))",15,1853.1013186733996,1853.1013543658432,3.5692443589141476e-05
"((41, 1), (9, 5))",15,1853.1013186733996,1853.101387390681,6.871728146506939e-05
"((41, 1), (15, 2))",15,1853.1013186733996,1853.1013715016536,5.282825395624968e-05
"((41, 1), (41, 2))",15,1853.1013186733996,1853.101390211319,7.153791943892429e-05
"((41, 2), (15, 2))",6,1853.1045213481511,1853.1045608177449,3.946959373024583e-05
